SRR11817624.fa	ecoli	2253	adk(6)	fumC(11)	gyrB(4)	icd(10)	mdh(7)	purA(7)	recA(6)
SRR11939512.fa	ecoli	48	adk(6)	fumC(11)	gyrB(4)	icd(8)	mdh(8)	purA(8)	recA(2)
SRR11939513.fa	ecoli	101	adk(43)	fumC(41)	gyrB(15)	icd(18)	mdh(11)	purA(7)	recA(6)
SRR11939514.fa	ecoli	641	adk(9)	fumC(6)	gyrB(33)	icd(131)	mdh(24)	purA(8)	recA(7)
SRR11939515.fa	ecoli	48	adk(6)	fumC(11)	gyrB(4)	icd(8)	mdh(8)	purA(8)	recA(2)
SRR11939516.fa	ecoli	542	adk(112)	fumC(11)	gyrB(5)	icd(12)	mdh(8)	purA(8)	recA(86)
SRR11939517.fa	ecoli	10	adk(10)	fumC(11)	gyrB(4)	icd(8)	mdh(8)	purA(8)	recA(2)
SRR11939518.fa	ecoli	641	adk(9)	fumC(6)	gyrB(33)	icd(131)	mdh(24)	purA(8)	recA(7)
SRR11939519.fa	ecoli	6449	adk(10)	fumC(852)	gyrB(5)	icd(10)	mdh(8)	purA(1)	recA(2)
SRR11939520.fa	ecoli	34	adk(10)	fumC(11)	gyrB(4)	icd(1)	mdh(8)	purA(8)	recA(2)
SRR11939521.fa	ecoli	1258	adk(6)	fumC(23)	gyrB(15)	icd(102)	mdh(9)	purA(73)	recA(6)
SRR11939522.fa	ecoli	641	adk(9)	fumC(6)	gyrB(33)	icd(131)	mdh(24)	purA(8)	recA(7)
SRR11939523.fa	ecoli	10	adk(10)	fumC(11)	gyrB(4)	icd(8)	mdh(8)	purA(8)	recA(2)
SRR11939524.fa	ecoli	10	adk(10)	fumC(11)	gyrB(4)	icd(8)	mdh(8)	purA(8)	recA(2)
SRR11939525.fa	ecoli	48	adk(6)	fumC(11)	gyrB(4)	icd(8)	mdh(8)	purA(8)	recA(2)
SRR11939526.fa	ecoli	101	adk(43)	fumC(41)	gyrB(15)	icd(18)	mdh(11)	purA(7)	recA(6)
SRR11939527.fa	ecoli	1695	adk(10)	fumC(11)	gyrB(4)	icd(1)	mdh(8)	purA(18)	recA(2)
SRR11939528.fa	ecoli	10	adk(10)	fumC(11)	gyrB(4)	icd(8)	mdh(8)	purA(8)	recA(2)
SRR11939529.fa	ecoli	10	adk(10)	fumC(11)	gyrB(4)	icd(8)	mdh(8)	purA(8)	recA(2)
SRR11939530.fa	ecoli	453	adk(99)	fumC(6)	gyrB(33)	icd(33)	mdh(24)	purA(8)	recA(7)
SRR11939531.fa	ecoli	9378	adk(10)	fumC(11)	gyrB(4)	icd(181)	mdh(8)	purA(8)	recA(2)
SRR11939532.fa	ecoli	9406	adk(10)	fumC(11)	gyrB(4)	icd(1088)	mdh(8)	purA(8)	recA(2)
SRR11939533.fa	ecoli	101	adk(43)	fumC(41)	gyrB(15)	icd(18)	mdh(11)	purA(7)	recA(6)
SRR11939534.fa	ecoli	101	adk(43)	fumC(41)	gyrB(15)	icd(18)	mdh(11)	purA(7)	recA(6)
SRR15731667.fa	ecoli	3856	adk(10)	fumC(7)	gyrB(5)	icd(8)	mdh(8)	purA(8)	recA(2)
SRR15731668.fa	ecoli	206	adk(6)	fumC(7)	gyrB(5)	icd(1)	mdh(8)	purA(18)	recA(2)
SRR15731669.fa	ecoli	69	adk(21)	fumC(35)	gyrB(27)	icd(6)	mdh(5)	purA(5)	recA(4)
SRR15731670.fa	ecoli	9407	adk(6)	fumC(11)	gyrB(4)	icd(8)	mdh(815)	purA(8)	recA(2)
SRR15731671.fa	ecoli	48	adk(6)	fumC(11)	gyrB(4)	icd(8)	mdh(8)	purA(8)	recA(2)
SRR15731672.fa	ecoli	226	adk(10)	fumC(27)	gyrB(5)	icd(8)	mdh(8)	purA(7)	recA(2)
SRR15731673.fa	ecoli	10	adk(10)	fumC(11)	gyrB(4)	icd(8)	mdh(8)	purA(8)	recA(2)
SRR15731674.fa	ecoli	93	adk(6)	fumC(11)	gyrB(4)	icd(10)	mdh(7)	purA(8)	recA(6)
SRR15731675.fa	ecoli	6908	adk(623)	fumC(11)	gyrB(4)	icd(12)	mdh(24)	purA(45)	recA(14)
SRR15731676.fa	ecoli	206	adk(6)	fumC(7)	gyrB(5)	icd(1)	mdh(8)	purA(18)	recA(2)
SRR15731677.fa	ecoli	1244	adk(6)	fumC(7)	gyrB(5)	icd(8)	mdh(8)	purA(18)	recA(2)
SRR15731678.fa	ecoli	9415	adk(10)	fumC(1318)	gyrB(4)	icd(8)	mdh(12)	purA(8)	recA(2)
SRR15731679.fa	ecoli	69	adk(21)	fumC(35)	gyrB(27)	icd(6)	mdh(5)	purA(5)	recA(4)
SRR15731680.fa	ecoli	189	adk(10)	fumC(27)	gyrB(5)	icd(10)	mdh(12)	purA(8)	recA(49)
SRR15731681.fa	ecoli	2935	adk(299)	fumC(11)	gyrB(4)	icd(8)	mdh(8)	purA(8)	recA(2)
SRR15731682.fa	ecoli	2345	adk(10)	fumC(7)	gyrB(4)	icd(12)	mdh(8)	purA(18)	recA(2)
SRR15731683.fa	ecoli	707	adk(6)	fumC(41)	gyrB(33)	icd(18)	mdh(9)	purA(8)	recA(6)
SRR15731684.fa	ecoli	457	adk(101)	fumC(88)	gyrB(97)	icd(108)	mdh(26)	purA(79)	recA(2)
SRR15731685.fa	ecoli	10	adk(10)	fumC(11)	gyrB(4)	icd(8)	mdh(8)	purA(8)	recA(2)
SRR15731686.fa	ecoli	9401	adk(6)	fumC(4)	gyrB(4)	icd(1087)	mdh(24)	purA(8)	recA(14)
SRR15731687.fa	ecoli	48	adk(6)	fumC(11)	gyrB(4)	icd(8)	mdh(8)	purA(8)	recA(2)
SRR15731688.fa	ecoli	9392	adk(12)	fumC(350)	gyrB(176)	icd(12)	mdh(1)	purA(2)	recA(2)
SRR15731689.fa	ecoli	1136	adk(6)	fumC(212)	gyrB(4)	icd(1)	mdh(9)	purA(48)	recA(7)
SRR15731690.fa	ecoli	10	adk(10)	fumC(11)	gyrB(4)	icd(8)	mdh(8)	purA(8)	recA(2)
SRR15731691.fa	ecoli	206	adk(6)	fumC(7)	gyrB(5)	icd(1)	mdh(8)	purA(18)	recA(2)
SRR15731692.fa	ecoli	744	adk(10)	fumC(11)	gyrB(135)	icd(8)	mdh(8)	purA(8)	recA(2)
SRR15731693.fa	ecoli	189	adk(10)	fumC(27)	gyrB(5)	icd(10)	mdh(12)	purA(8)	recA(49)
SRR15731694.fa	ecoli	189	adk(10)	fumC(27)	gyrB(5)	icd(10)	mdh(12)	purA(8)	recA(49)
SRR15731695.fa	ecoli	1684	adk(10)	fumC(11)	gyrB(5)	icd(10)	mdh(7)	purA(8)	recA(2)
SRR15731696.fa	ecoli	10	adk(10)	fumC(11)	gyrB(4)	icd(8)	mdh(8)	purA(8)	recA(2)
SRR15731697.fa	ecoli	744	adk(10)	fumC(11)	gyrB(135)	icd(8)	mdh(8)	purA(8)	recA(2)
SRR15731698.fa	ecoli	48	adk(6)	fumC(11)	gyrB(4)	icd(8)	mdh(8)	purA(8)	recA(2)
SRR15731699.fa	ecoli	9403	adk(10)	fumC(11)	gyrB(820)	icd(8)	mdh(8)	purA(8)	recA(2)
SRR15731700.fa	ecoli	48	adk(6)	fumC(11)	gyrB(4)	icd(8)	mdh(8)	purA(8)	recA(2)
SRR15731701.fa	ecoli	69	adk(21)	fumC(35)	gyrB(27)	icd(6)	mdh(5)	purA(5)	recA(4)
SRR15731702.fa	ecoli	4358	adk(6)	fumC(11)	gyrB(95)	icd(104)	mdh(8)	purA(8)	recA(2)
SRR15731703.fa	ecoli	4214	adk(112)	fumC(11)	gyrB(4)	icd(12)	mdh(8)	purA(8)	recA(86)
SRR15731704.fa	ecoli	1642	adk(6)	fumC(4)	gyrB(5)	icd(18)	mdh(11)	purA(8)	recA(6)
SRR15731705.fa	ecoli	29	adk(6)	fumC(4)	gyrB(12)	icd(16)	mdh(9)	purA(7)	recA(7)
SRR15731706.fa	ecoli	48	adk(6)	fumC(11)	gyrB(4)	icd(8)	mdh(8)	purA(8)	recA(2)
SRR15731707.fa	ecoli	117	adk(20)	fumC(45)	gyrB(41)	icd(43)	mdh(5)	purA(32)	recA(2)
SRR15731708.fa	ecoli	10	adk(10)	fumC(11)	gyrB(4)	icd(8)	mdh(8)	purA(8)	recA(2)
SRR15731709.fa	ecoli	7056	adk(656)	fumC(955)	gyrB(55)	icd(761)	mdh(599)	purA(40)	recA(38)
SRR15731710.fa	ecoli	359	adk(43)	fumC(41)	gyrB(15)	icd(90)	mdh(11)	purA(8)	recA(6)
SRR15731711.fa	ecoli	10	adk(10)	fumC(11)	gyrB(4)	icd(8)	mdh(8)	purA(8)	recA(2)
SRR15731712.fa	ecoli	101	adk(43)	fumC(41)	gyrB(15)	icd(18)	mdh(11)	purA(7)	recA(6)
SRR15731713.fa	ecoli	9159	adk(10)	fumC(11)	gyrB(4)	icd(8)	mdh(11)	purA(8)	recA(6)
SRR15731714.fa	ecoli	359	adk(43)	fumC(41)	gyrB(15)	icd(90)	mdh(11)	purA(8)	recA(6)
SRR15731715.fa	ecoli	971	adk(6)	fumC(4)	gyrB(4)	icd(16)	mdh(24)	purA(8)	recA(121)
SRR15731716.fa	ecoli	2521	adk(6)	fumC(19)	gyrB(3)	icd(135)	mdh(11)	purA(8)	recA(6)
SRR15731717.fa	ecoli	165	adk(10)	fumC(27)	gyrB(5)	icd(10)	mdh(12)	purA(8)	recA(2)
SRR15731718.fa	ecoli	542	adk(112)	fumC(11)	gyrB(5)	icd(12)	mdh(8)	purA(8)	recA(86)
SRR15731719.fa	ecoli	9398	adk(6)	fumC(1312)	gyrB(4)	icd(8)	mdh(8)	purA(8)	recA(2)
SRR15731720.fa	ecoli	1114	adk(10)	fumC(27)	gyrB(5)	icd(10)	mdh(12)	purA(1)	recA(2)
SRR15731721.fa	ecoli	10	adk(10)	fumC(11)	gyrB(4)	icd(8)	mdh(8)	purA(8)	recA(2)
SRR15731722.fa	ecoli	206	adk(6)	fumC(7)	gyrB(5)	icd(1)	mdh(8)	purA(18)	recA(2)
SRR15731723.fa	ecoli	206	adk(6)	fumC(7)	gyrB(5)	icd(1)	mdh(8)	purA(18)	recA(2)
SRR15731724.fa	ecoli	101	adk(43)	fumC(41)	gyrB(15)	icd(18)	mdh(11)	purA(7)	recA(6)
SRR15731725.fa	ecoli	1968	adk(6)	fumC(11)	gyrB(257)	icd(8)	mdh(8)	purA(8)	recA(2)
SRR15731726.fa	ecoli	165	adk(10)	fumC(27)	gyrB(5)	icd(10)	mdh(12)	purA(8)	recA(2)
SRR15731727.fa	ecoli	165	adk(10)	fumC(27)	gyrB(5)	icd(10)	mdh(12)	purA(8)	recA(2)
SRR15731728.fa	ecoli	165	adk(10)	fumC(27)	gyrB(5)	icd(10)	mdh(12)	purA(8)	recA(2)
SRR15731729.fa	ecoli	165	adk(10)	fumC(27)	gyrB(5)	icd(10)	mdh(12)	purA(8)	recA(2)
SRR15731730.fa	ecoli	1244	adk(6)	fumC(7)	gyrB(5)	icd(8)	mdh(8)	purA(18)	recA(2)
SRR15731731.fa	ecoli	1244	adk(6)	fumC(7)	gyrB(5)	icd(8)	mdh(8)	purA(18)	recA(2)
SRR15731732.fa	ecoli	1308	adk(6)	fumC(6)	gyrB(33)	icd(1)	mdh(24)	purA(8)	recA(7)
SRR15731733.fa	ecoli	48	adk(6)	fumC(11)	gyrB(4)	icd(8)	mdh(8)	purA(8)	recA(2)
SRR15731734.fa	ecoli	57	adk(6)	fumC(31)	gyrB(5)	icd(28)	mdh(1)	purA(1)	recA(2)
SRR15731735.fa	ecoli	9159	adk(10)	fumC(11)	gyrB(4)	icd(8)	mdh(11)	purA(8)	recA(6)
SRR15731736.fa	ecoli	57	adk(6)	fumC(31)	gyrB(5)	icd(28)	mdh(1)	purA(1)	recA(2)
SRR15731737.fa	ecoli	1244	adk(6)	fumC(7)	gyrB(5)	icd(8)	mdh(8)	purA(18)	recA(2)
SRR15731738.fa	ecoli	7122	adk(623)	fumC(11)	gyrB(4)	icd(12)	mdh(8)	purA(45)	recA(2)
SRR15731739.fa	ecoli	3274	adk(10)	fumC(11)	gyrB(125)	icd(8)	mdh(7)	purA(8)	recA(2)
SRR15731740.fa	ecoli	6335	adk(10)	fumC(27)	gyrB(5)	icd(10)	mdh(8)	purA(8)	recA(2)
SRR15731741.fa	ecoli	799	adk(79)	fumC(84)	gyrB(71)	icd(78)	mdh(52)	purA(117)	recA(2)
SRR15731742.fa	ecoli	9378	adk(10)	fumC(11)	gyrB(4)	icd(181)	mdh(8)	purA(8)	recA(2)
SRR15731743.fa	ecoli	10	adk(10)	fumC(11)	gyrB(4)	icd(8)	mdh(8)	purA(8)	recA(2)
SRR15731744.fa	ecoli	48	adk(6)	fumC(11)	gyrB(4)	icd(8)	mdh(8)	purA(8)	recA(2)
SRR15731745.fa	ecoli	2144	adk(6)	fumC(6)	gyrB(15)	icd(56)	mdh(11)	purA(26)	recA(6)
SRR15731746.fa	ecoli	1602	adk(136)	fumC(11)	gyrB(4)	icd(1)	mdh(8)	purA(18)	recA(2)
SRR15731747.fa	ecoli	9395	adk(6)	fumC(7)	gyrB(5)	icd(1)	mdh(8)	purA(722)	recA(2)
SRR15731748.fa	ecoli	641	adk(9)	fumC(6)	gyrB(33)	icd(131)	mdh(24)	purA(8)	recA(7)
SRR15731749.fa	ecoli	165	adk(10)	fumC(27)	gyrB(5)	icd(10)	mdh(12)	purA(8)	recA(2)
SRR15731750.fa	ecoli	117	adk(20)	fumC(45)	gyrB(41)	icd(43)	mdh(5)	purA(32)	recA(2)
SRR15731751.fa	ecoli	7122	adk(623)	fumC(11)	gyrB(4)	icd(12)	mdh(8)	purA(45)	recA(2)
SRR15731752.fa	ecoli	10	adk(10)	fumC(11)	gyrB(4)	icd(8)	mdh(8)	purA(8)	recA(2)
SRR15731753.fa	ecoli	101	adk(43)	fumC(41)	gyrB(15)	icd(18)	mdh(11)	purA(7)	recA(6)
SRR15731754.fa	ecoli	8539	adk(6)	fumC(23)	gyrB(5)	icd(964)	mdh(24)	purA(18)	recA(6)
SRR15731755.fa	ecoli	1081	adk(6)	fumC(4)	gyrB(5)	icd(18)	mdh(11)	purA(8)	recA(2)
SRR15731756.fa	ecoli	1081	adk(6)	fumC(4)	gyrB(5)	icd(18)	mdh(11)	purA(8)	recA(2)
SRR15731757.fa	ecoli	1602	adk(136)	fumC(11)	gyrB(4)	icd(1)	mdh(8)	purA(18)	recA(2)
SRR15731758.fa	ecoli	101	adk(43)	fumC(41)	gyrB(15)	icd(18)	mdh(11)	purA(7)	recA(6)
SRR15731759.fa	ecoli	398	adk(64)	fumC(7)	gyrB(1)	icd(1)	mdh(8)	purA(8)	recA(6)
SRR15731760.fa	ecoli	10	adk(10)	fumC(11)	gyrB(4)	icd(8)	mdh(8)	purA(8)	recA(2)
SRR15731761.fa	ecoli	46	adk(8)	fumC(7)	gyrB(1)	icd(8)	mdh(8)	purA(8)	recA(6)
SRR15731762.fa	ecoli	9392	adk(12)	fumC(350)	gyrB(176)	icd(12)	mdh(1)	purA(2)	recA(2)
SRR15731763.fa	ecoli	9392	adk(12)	fumC(350)	gyrB(176)	icd(12)	mdh(1)	purA(2)	recA(2)
SRR15731764.fa	ecoli	156	adk(6)	fumC(29)	gyrB(32)	icd(16)	mdh(11)	purA(8)	recA(44)
SRR15731765.fa	ecoli	744	adk(10)	fumC(11)	gyrB(135)	icd(8)	mdh(8)	purA(8)	recA(2)
SRR15731766.fa	ecoli	744	adk(10)	fumC(11)	gyrB(135)	icd(8)	mdh(8)	purA(8)	recA(2)
SRR15731767.fa	ecoli	2345	adk(10)	fumC(7)	gyrB(4)	icd(12)	mdh(8)	purA(18)	recA(2)
SRR15731768.fa	ecoli	10	adk(10)	fumC(11)	gyrB(4)	icd(8)	mdh(8)	purA(8)	recA(2)
SRR15731769.fa	ecoli	10	adk(10)	fumC(11)	gyrB(4)	icd(8)	mdh(8)	purA(8)	recA(2)
SRR15731770.fa	ecoli	9394	adk(303)	fumC(41)	gyrB(1)	icd(8)	mdh(814)	purA(8)	recA(6)
SRR15731771.fa	ecoli	10	adk(10)	fumC(11)	gyrB(4)	icd(8)	mdh(8)	purA(8)	recA(2)
SRR15731772.fa	ecoli	542	adk(112)	fumC(11)	gyrB(5)	icd(12)	mdh(8)	purA(8)	recA(86)
SRR15731773.fa	ecoli	9393	adk(64)	fumC(23)	gyrB(1)	icd(1)	mdh(8)	purA(721)	recA(6)
SRR15731774.fa	ecoli	5995	adk(10)	fumC(11)	gyrB(5)	icd(10)	mdh(12)	purA(1)	recA(2)
SRR15731775.fa	ecoli	871	adk(64)	fumC(7)	gyrB(1)	icd(8)	mdh(8)	purA(8)	recA(6)
SRR15731776.fa	ecoli	10	adk(10)	fumC(11)	gyrB(4)	icd(8)	mdh(8)	purA(8)	recA(2)
SRR15731777.fa	ecoli	744	adk(10)	fumC(11)	gyrB(135)	icd(8)	mdh(8)	purA(8)	recA(2)
SRR15731778.fa	ecoli	7122	adk(623)	fumC(11)	gyrB(4)	icd(12)	mdh(8)	purA(45)	recA(2)
SRR15731779.fa	ecoli	993	adk(10)	fumC(7)	gyrB(154)	icd(8)	mdh(12)	purA(8)	recA(2)
SRR15731780.fa	ecoli	9389	adk(6)	fumC(4)	gyrB(3)	icd(18)	mdh(813)	purA(7)	recA(6)
SRR15731781.fa	ecoli	9390	adk(921)	fumC(23)	gyrB(1)	icd(1)	mdh(8)	purA(8)	recA(6)
SRR15731782.fa	ecoli	2936	adk(10)	fumC(11)	gyrB(4)	icd(8)	mdh(8)	purA(2)	recA(2)
SRR15731783.fa	ecoli	10	adk(10)	fumC(11)	gyrB(4)	icd(8)	mdh(8)	purA(8)	recA(2)
SRR15731784.fa	ecoli	1415	adk(204)	fumC(11)	gyrB(4)	icd(1)	mdh(8)	purA(8)	recA(2)
SRR15731785.fa	ecoli	10	adk(10)	fumC(11)	gyrB(4)	icd(8)	mdh(8)	purA(8)	recA(2)
SRR15731786.fa	ecoli	5086	adk(6)	fumC(438)	gyrB(5)	icd(1)	mdh(8)	purA(18)	recA(2)
SRR15731787.fa	ecoli	4014	adk(43)	fumC(41)	gyrB(378)	icd(18)	mdh(11)	purA(7)	recA(6)
SRR15731788.fa	ecoli	648	adk(92)	fumC(4)	gyrB(87)	icd(96)	mdh(70)	purA(58)	recA(2)
SRR15731789.fa	ecoli	8539	adk(6)	fumC(23)	gyrB(5)	icd(964)	mdh(24)	purA(18)	recA(6)
SRR15731790.fa	ecoli	162	adk(9)	fumC(65)	gyrB(5)	icd(1)	mdh(9)	purA(13)	recA(6)
SRR15731791.fa	ecoli	2253	adk(6)	fumC(11)	gyrB(4)	icd(10)	mdh(7)	purA(7)	recA(6)
SRR15731792.fa	ecoli	101	adk(43)	fumC(41)	gyrB(15)	icd(18)	mdh(11)	purA(7)	recA(6)
SRR15731793.fa	ecoli	189	adk(10)	fumC(27)	gyrB(5)	icd(10)	mdh(12)	purA(8)	recA(49)
SRR15731794.fa	ecoli	2253	adk(6)	fumC(11)	gyrB(4)	icd(10)	mdh(7)	purA(7)	recA(6)
SRR15731795.fa	ecoli	2253	adk(6)	fumC(11)	gyrB(4)	icd(10)	mdh(7)	purA(7)	recA(6)
SRR15731796.fa	ecoli	2253	adk(6)	fumC(11)	gyrB(4)	icd(10)	mdh(7)	purA(7)	recA(6)
SRR15731797.fa	ecoli	10	adk(10)	fumC(11)	gyrB(4)	icd(8)	mdh(8)	purA(8)	recA(2)
SRR15731798.fa	ecoli	189	adk(10)	fumC(27)	gyrB(5)	icd(10)	mdh(12)	purA(8)	recA(49)
SRR15731799.fa	ecoli	2253	adk(6)	fumC(11)	gyrB(4)	icd(10)	mdh(7)	purA(7)	recA(6)
SRR15731800.fa	ecoli	2253	adk(6)	fumC(11)	gyrB(4)	icd(10)	mdh(7)	purA(7)	recA(6)
SRR15731801.fa	ecoli	5995	adk(10)	fumC(11)	gyrB(5)	icd(10)	mdh(12)	purA(1)	recA(2)
SRR15731802.fa	ecoli	101	adk(43)	fumC(41)	gyrB(15)	icd(18)	mdh(11)	purA(7)	recA(6)
SRR15731803.fa	ecoli	7122	adk(623)	fumC(11)	gyrB(4)	icd(12)	mdh(8)	purA(45)	recA(2)
SRR15731804.fa	ecoli	101	adk(43)	fumC(41)	gyrB(15)	icd(18)	mdh(11)	purA(7)	recA(6)
SRR15731805.fa	ecoli	101	adk(43)	fumC(41)	gyrB(15)	icd(18)	mdh(11)	purA(7)	recA(6)
SRR15731806.fa	ecoli	58	adk(6)	fumC(4)	gyrB(4)	icd(16)	mdh(24)	purA(8)	recA(14)
SRR15731807.fa	ecoli	101	adk(43)	fumC(41)	gyrB(15)	icd(18)	mdh(11)	purA(7)	recA(6)
SRR15731808.fa	ecoli	165	adk(10)	fumC(27)	gyrB(5)	icd(10)	mdh(12)	purA(8)	recA(2)
SRR15731809.fa	ecoli	46	adk(8)	fumC(7)	gyrB(1)	icd(8)	mdh(8)	purA(8)	recA(6)
SRR15731810.fa	ecoli	206	adk(6)	fumC(7)	gyrB(5)	icd(1)	mdh(8)	purA(18)	recA(2)
SRR15731811.fa	ecoli	457	adk(101)	fumC(88)	gyrB(97)	icd(108)	mdh(26)	purA(79)	recA(2)
SRR15731812.fa	ecoli	34	adk(10)	fumC(11)	gyrB(4)	icd(1)	mdh(8)	purA(8)	recA(2)
SRR15731813.fa	ecoli	156	adk(6)	fumC(29)	gyrB(32)	icd(16)	mdh(11)	purA(8)	recA(44)
SRR15731814.fa	ecoli	101	adk(43)	fumC(41)	gyrB(15)	icd(18)	mdh(11)	purA(7)	recA(6)
SRR15731815.fa	ecoli	617	adk(10)	fumC(11)	gyrB(4)	icd(8)	mdh(8)	purA(13)	recA(73)
SRR15731816.fa	ecoli	648	adk(92)	fumC(4)	gyrB(87)	icd(96)	mdh(70)	purA(58)	recA(2)
SRR15731817.fa	ecoli	206	adk(6)	fumC(7)	gyrB(5)	icd(1)	mdh(8)	purA(18)	recA(2)
SRR15731818.fa	ecoli	6756	adk(136)	fumC(7)	gyrB(4)	icd(8)	mdh(561)	purA(8)	recA(2)
SRR15731819.fa	ecoli	117	adk(20)	fumC(45)	gyrB(41)	icd(43)	mdh(5)	purA(32)	recA(2)
SRR15731820.fa	ecoli	117	adk(20)	fumC(45)	gyrB(41)	icd(43)	mdh(5)	purA(32)	recA(2)
SRR15731821.fa	ecoli	542	adk(112)	fumC(11)	gyrB(5)	icd(12)	mdh(8)	purA(8)	recA(86)
SRR15731822.fa	ecoli	131	adk(53)	fumC(40)	gyrB(47)	icd(13)	mdh(36)	purA(28)	recA(29)
SRR15731823.fa	ecoli	2064	adk(207)	fumC(297)	gyrB(260)	icd(254)	mdh(1)	purA(2)	recA(2)
SRR15731824.fa	ecoli	101	adk(43)	fumC(41)	gyrB(15)	icd(18)	mdh(11)	purA(7)	recA(6)
SRR15731825.fa	ecoli	117	adk(20)	fumC(45)	gyrB(41)	icd(43)	mdh(5)	purA(32)	recA(2)
SRR15731826.fa	ecoli	2216	adk(20)	fumC(45)	gyrB(41)	icd(43)	mdh(231)	purA(32)	recA(2)
SRR15731827.fa	ecoli	156	adk(6)	fumC(29)	gyrB(32)	icd(16)	mdh(11)	purA(8)	recA(44)
SRR15731828.fa	ecoli	744	adk(10)	fumC(11)	gyrB(135)	icd(8)	mdh(8)	purA(8)	recA(2)
SRR15731829.fa	ecoli	354	adk(85)	fumC(88)	gyrB(78)	icd(29)	mdh(59)	purA(58)	recA(62)
SRR15731830.fa	ecoli	1193	adk(14)	fumC(14)	gyrB(10)	icd(200)	mdh(17)	purA(7)	recA(10)
SRR15731831.fa	ecoli	2179	adk(9)	fumC(65)	gyrB(5)	icd(18)	mdh(11)	purA(8)	recA(6)
SRR15731832.fa	ecoli	410	adk(6)	fumC(4)	gyrB(12)	icd(1)	mdh(20)	purA(18)	recA(7)
SRR15731833.fa	ecoli	9391	adk(6)	fumC(1311)	gyrB(33)	icd(26)	mdh(11)	purA(8)	recA(2)
SRR15731834.fa	ecoli	69	adk(21)	fumC(35)	gyrB(27)	icd(6)	mdh(5)	purA(5)	recA(4)
SRR15731835.fa	ecoli	10	adk(10)	fumC(11)	gyrB(4)	icd(8)	mdh(8)	purA(8)	recA(2)
SRR15731836.fa	ecoli	457	adk(101)	fumC(88)	gyrB(97)	icd(108)	mdh(26)	purA(79)	recA(2)
SRR15731837.fa	ecoli	95	adk(37)	fumC(38)	gyrB(19)	icd(37)	mdh(17)	purA(11)	recA(26)
SRR15731838.fa	ecoli	117	adk(20)	fumC(45)	gyrB(41)	icd(43)	mdh(5)	purA(32)	recA(2)
SRR15731839.fa	ecoli	6706	adk(6)	fumC(11)	gyrB(4)	icd(8)	mdh(354)	purA(8)	recA(2)
SRR15731840.fa	ecoli	48	adk(6)	fumC(11)	gyrB(4)	icd(8)	mdh(8)	purA(8)	recA(2)
SRR15731841.fa	ecoli	9388	adk(87)	fumC(4)	gyrB(231)	icd(1086)	mdh(1)	purA(187)	recA(138)
SRR15731842.fa	ecoli	10	adk(10)	fumC(11)	gyrB(4)	icd(8)	mdh(8)	purA(8)	recA(2)
SRR15731843.fa	ecoli	1258	adk(6)	fumC(23)	gyrB(15)	icd(102)	mdh(9)	purA(73)	recA(6)
SRR15731844.fa	ecoli	1081	adk(6)	fumC(4)	gyrB(5)	icd(18)	mdh(11)	purA(8)	recA(2)
SRR15731845.fa	ecoli	3203	adk(6)	fumC(11)	gyrB(4)	icd(8)	mdh(276)	purA(8)	recA(2)
SRR15731846.fa	ecoli	10	adk(10)	fumC(11)	gyrB(4)	icd(8)	mdh(8)	purA(8)	recA(2)
SRR15731847.fa	ecoli	10	adk(10)	fumC(11)	gyrB(4)	icd(8)	mdh(8)	purA(8)	recA(2)
SRR15731848.fa	ecoli	3489	adk(136)	fumC(7)	gyrB(4)	icd(8)	mdh(8)	purA(8)	recA(2)
SRR15731849.fa	ecoli	206	adk(6)	fumC(7)	gyrB(5)	icd(1)	mdh(8)	purA(18)	recA(2)
SRR15731850.fa	ecoli	3941	adk(6)	fumC(511)	gyrB(4)	icd(10)	mdh(7)	purA(8)	recA(6)
SRR15731851.fa	ecoli	10	adk(10)	fumC(11)	gyrB(4)	icd(8)	mdh(8)	purA(8)	recA(2)
SRR15731852.fa	ecoli	744	adk(10)	fumC(11)	gyrB(135)	icd(8)	mdh(8)	purA(8)	recA(2)
SRR15731853.fa	ecoli	10	adk(10)	fumC(11)	gyrB(4)	icd(8)	mdh(8)	purA(8)	recA(2)
SRR15731854.fa	ecoli	73	adk(36)	fumC(24)	gyrB(9)	icd(13)	mdh(17)	purA(11)	recA(25)
SRR15731855.fa	ecoli	9386	adk(6)	fumC(7)	gyrB(5)	icd(1)	mdh(8)	purA(18)	recA(117)
SRR15731856.fa	ecoli	9385	adk(920)	fumC(11)	gyrB(1)	icd(454)	mdh(7)	purA(599)	recA(2)
SRR15731857.fa	ecoli	10	adk(10)	fumC(11)	gyrB(4)	icd(8)	mdh(8)	purA(8)	recA(2)
SRR15731858.fa	ecoli	617	adk(10)	fumC(11)	gyrB(4)	icd(8)	mdh(8)	purA(13)	recA(73)
SRR15731859.fa	ecoli	3489	adk(136)	fumC(7)	gyrB(4)	icd(8)	mdh(8)	purA(8)	recA(2)
SRR15731860.fa	ecoli	1716	adk(10)	fumC(27)	gyrB(4)	icd(8)	mdh(8)	purA(8)	recA(164)
SRR15731861.fa	ecoli	1011	adk(6)	fumC(4)	gyrB(159)	icd(44)	mdh(112)	purA(1)	recA(17)
SRR15731862.fa	ecoli	95	adk(37)	fumC(38)	gyrB(19)	icd(37)	mdh(17)	purA(11)	recA(26)
SRR15731863.fa	ecoli	95	adk(37)	fumC(38)	gyrB(19)	icd(37)	mdh(17)	purA(11)	recA(26)
SRR15731864.fa	ecoli	101	adk(43)	fumC(41)	gyrB(15)	icd(18)	mdh(11)	purA(7)	recA(6)
SRR15731865.fa	ecoli	744	adk(10)	fumC(11)	gyrB(135)	icd(8)	mdh(8)	purA(8)	recA(2)
SRR15731866.fa	ecoli	744	adk(10)	fumC(11)	gyrB(135)	icd(8)	mdh(8)	purA(8)	recA(2)
SRR15731867.fa	ecoli	93	adk(6)	fumC(11)	gyrB(4)	icd(10)	mdh(7)	purA(8)	recA(6)
SRR15731868.fa	ecoli	3076	adk(6)	fumC(29)	gyrB(14)	icd(18)	mdh(9)	purA(26)	recA(14)
SRR15731869.fa	ecoli	2223	adk(6)	fumC(11)	gyrB(5)	icd(8)	mdh(7)	purA(8)	recA(2)
SRR15731870.fa	ecoli	189	adk(10)	fumC(27)	gyrB(5)	icd(10)	mdh(12)	purA(8)	recA(49)
SRR15731871.fa	ecoli	354	adk(85)	fumC(88)	gyrB(78)	icd(29)	mdh(59)	purA(58)	recA(62)
SRR15731872.fa	ecoli	773	adk(6)	fumC(165)	gyrB(4)	icd(10)	mdh(7)	purA(8)	recA(6)
SRR15731873.fa	ecoli	93	adk(6)	fumC(11)	gyrB(4)	icd(10)	mdh(7)	purA(8)	recA(6)
SRR15731874.fa	ecoli	4038	adk(6)	fumC(19)	gyrB(3)	icd(18)	mdh(9)	purA(8)	recA(156)
SRR15731875.fa	ecoli	9375	adk(43)	fumC(1308)	gyrB(15)	icd(18)	mdh(11)	purA(7)	recA(6)
SRR15731876.fa	ecoli	-	adk(6)	fumC(19)	gyrB(3)	icd(18)	mdh(9)	purA(8,8)	recA(156)
SRR15731877.fa	ecoli	795	adk(9)	fumC(23)	gyrB(33)	icd(18)	mdh(9)	purA(8)	recA(6)
SRR15731878.fa	ecoli	4038	adk(6)	fumC(19)	gyrB(3)	icd(18)	mdh(9)	purA(8)	recA(156)
SRR15731879.fa	ecoli	2144	adk(6)	fumC(6)	gyrB(15)	icd(56)	mdh(11)	purA(26)	recA(6)
SRR15731880.fa	ecoli	453	adk(99)	fumC(6)	gyrB(33)	icd(33)	mdh(24)	purA(8)	recA(7)
SRR15731881.fa	ecoli	1193	adk(14)	fumC(14)	gyrB(10)	icd(200)	mdh(17)	purA(7)	recA(10)
SRR15731882.fa	ecoli	131	adk(53)	fumC(40)	gyrB(47)	icd(13)	mdh(36)	purA(28)	recA(29)
SRR15731883.fa	ecoli	410	adk(6)	fumC(4)	gyrB(12)	icd(1)	mdh(20)	purA(18)	recA(7)
SRR15731884.fa	ecoli	410	adk(6)	fumC(4)	gyrB(12)	icd(1)	mdh(20)	purA(18)	recA(7)
SRR15731885.fa	ecoli	58	adk(6)	fumC(4)	gyrB(4)	icd(16)	mdh(24)	purA(8)	recA(14)
SRR15731886.fa	ecoli	69	adk(21)	fumC(35)	gyrB(27)	icd(6)	mdh(5)	purA(5)	recA(4)
SRR15731887.fa	ecoli	10	adk(10)	fumC(11)	gyrB(4)	icd(8)	mdh(8)	purA(8)	recA(2)
SRR15731888.fa	ecoli	10	adk(10)	fumC(11)	gyrB(4)	icd(8)	mdh(8)	purA(8)	recA(2)
SRR15731889.fa	ecoli	10	adk(10)	fumC(11)	gyrB(4)	icd(8)	mdh(8)	purA(8)	recA(2)
SRR15731890.fa	ecoli	10	adk(10)	fumC(11)	gyrB(4)	icd(8)	mdh(8)	purA(8)	recA(2)
SRR15731891.fa	ecoli	8262	adk(6)	fumC(19)	gyrB(54)	icd(44)	mdh(112)	purA(1)	recA(17)
SRR15731892.fa	ecoli	8262	adk(6)	fumC(19)	gyrB(54)	icd(44)	mdh(112)	purA(1)	recA(17)
SRR15731893.fa	ecoli	10	adk(10)	fumC(11)	gyrB(4)	icd(8)	mdh(8)	purA(8)	recA(2)
SRR15731894.fa	ecoli	10	adk(10)	fumC(11)	gyrB(4)	icd(8)	mdh(8)	purA(8)	recA(2)
SRR15731895.fa	ecoli	877	adk(9)	fumC(175)	gyrB(33)	icd(131)	mdh(24)	purA(8)	recA(7)
SRR15731896.fa	ecoli	10	adk(10)	fumC(11)	gyrB(4)	icd(8)	mdh(8)	purA(8)	recA(2)
SRR15731897.fa	ecoli	398	adk(64)	fumC(7)	gyrB(1)	icd(1)	mdh(8)	purA(8)	recA(6)
SRR15731898.fa	ecoli	746	adk(10)	fumC(7)	gyrB(4)	icd(8)	mdh(12)	purA(8)	recA(2)
SRR15731899.fa	ecoli	641	adk(9)	fumC(6)	gyrB(33)	icd(131)	mdh(24)	purA(8)	recA(7)
SRR15731900.fa	ecoli	48	adk(6)	fumC(11)	gyrB(4)	icd(8)	mdh(8)	purA(8)	recA(2)
SRR15731901.fa	ecoli	10	adk(10)	fumC(11)	gyrB(4)	icd(8)	mdh(8)	purA(8)	recA(2)
SRR15731902.fa	ecoli	206	adk(6)	fumC(7)	gyrB(5)	icd(1)	mdh(8)	purA(18)	recA(2)
SRR15731903.fa	ecoli	410	adk(6)	fumC(4)	gyrB(12)	icd(1)	mdh(20)	purA(18)	recA(7)
SRR15731904.fa	ecoli	48	adk(6)	fumC(11)	gyrB(4)	icd(8)	mdh(8)	purA(8)	recA(2)
SRR15731905.fa	ecoli	2144	adk(6)	fumC(6)	gyrB(15)	icd(56)	mdh(11)	purA(26)	recA(6)
SRR15731906.fa	ecoli	5871	adk(136)	fumC(11)	gyrB(4)	icd(12)	mdh(8)	purA(8)	recA(2)
SRR15731907.fa	ecoli	10	adk(10)	fumC(11)	gyrB(4)	icd(8)	mdh(8)	purA(8)	recA(2)
SRR15731908.fa	ecoli	5503	adk(10)	fumC(11)	gyrB(4)	icd(8)	mdh(8)	purA(405)	recA(2)
SRR15731909.fa	ecoli	1114	adk(10)	fumC(27)	gyrB(5)	icd(10)	mdh(12)	purA(1)	recA(2)
SRR15731910.fa	ecoli	10	adk(10)	fumC(11)	gyrB(4)	icd(8)	mdh(8)	purA(8)	recA(2)
SRR15731911.fa	ecoli	410	adk(6)	fumC(4)	gyrB(12)	icd(1)	mdh(20)	purA(18)	recA(7)
SRR15731912.fa	ecoli	2144	adk(6)	fumC(6)	gyrB(15)	icd(56)	mdh(11)	purA(26)	recA(6)
SRR15731913.fa	ecoli	744	adk(10)	fumC(11)	gyrB(135)	icd(8)	mdh(8)	purA(8)	recA(2)
SRR15731914.fa	ecoli	1081	adk(6)	fumC(4)	gyrB(5)	icd(18)	mdh(11)	purA(8)	recA(2)
SRR15731915.fa	ecoli	1602	adk(136)	fumC(11)	gyrB(4)	icd(1)	mdh(8)	purA(18)	recA(2)
SRR15731916.fa	ecoli	1081	adk(6)	fumC(4)	gyrB(5)	icd(18)	mdh(11)	purA(8)	recA(2)
SRR15731917.fa	ecoli	10	adk(10)	fumC(11)	gyrB(4)	icd(8)	mdh(8)	purA(8)	recA(2)
SRR15731918.fa	ecoli	410	adk(6)	fumC(4)	gyrB(12)	icd(1)	mdh(20)	purA(18)	recA(7)
SRR15731919.fa	ecoli	1244	adk(6)	fumC(7)	gyrB(5)	icd(8)	mdh(8)	purA(18)	recA(2)
SRR15731920.fa	ecoli	5215	adk(382)	fumC(11)	gyrB(4)	icd(8)	mdh(8)	purA(8)	recA(2)
SRR15731921.fa	ecoli	101	adk(43)	fumC(41)	gyrB(15)	icd(18)	mdh(11)	purA(7)	recA(6)
SRR15731922.fa	ecoli	10	adk(10)	fumC(11)	gyrB(4)	icd(8)	mdh(8)	purA(8)	recA(2)
SRR15731923.fa	ecoli	10	adk(10)	fumC(11)	gyrB(4)	icd(8)	mdh(8)	purA(8)	recA(2)
SRR15731924.fa	ecoli	1244	adk(6)	fumC(7)	gyrB(5)	icd(8)	mdh(8)	purA(18)	recA(2)
SRR15731925.fa	ecoli	9399	adk(10)	fumC(7)	gyrB(5)	icd(10)	mdh(8)	purA(8)	recA(2)
SRR15731926.fa	ecoli	1684	adk(10)	fumC(11)	gyrB(5)	icd(10)	mdh(7)	purA(8)	recA(2)
SRR15731927.fa	ecoli	9404	adk(6)	fumC(95)	gyrB(821)	icd(18)	mdh(9)	purA(8)	recA(681)
SRR15731928.fa	ecoli	10	adk(10)	fumC(11)	gyrB(4)	icd(8)	mdh(8)	purA(8)	recA(2)
SRR15731929.fa	ecoli	48	adk(6)	fumC(11)	gyrB(4)	icd(8)	mdh(8)	purA(8)	recA(2)
SRR15731930.fa	ecoli	795	adk(9)	fumC(23)	gyrB(33)	icd(18)	mdh(9)	purA(8)	recA(6)
SRR15731931.fa	ecoli	58	adk(6)	fumC(4)	gyrB(4)	icd(16)	mdh(24)	purA(8)	recA(14)
SRR15731932.fa	ecoli	165	adk(10)	fumC(27)	gyrB(5)	icd(10)	mdh(12)	purA(8)	recA(2)
SRR15731933.fa	ecoli	3203	adk(6)	fumC(11)	gyrB(4)	icd(8)	mdh(276)	purA(8)	recA(2)
SRR15731934.fa	ecoli	1196	adk(6)	fumC(6)	gyrB(33)	icd(26)	mdh(11)	purA(8)	recA(2)
SRR15731935.fa	ecoli	10	adk(10)	fumC(11)	gyrB(4)	icd(8)	mdh(8)	purA(8)	recA(2)
SRR15731936.fa	ecoli	4741	adk(10)	fumC(11)	gyrB(418)	icd(8)	mdh(8)	purA(8)	recA(2)
SRR15731937.fa	ecoli	453	adk(99)	fumC(6)	gyrB(33)	icd(33)	mdh(24)	purA(8)	recA(7)
SRR15731938.fa	ecoli	129	adk(6)	fumC(23)	gyrB(3)	icd(26)	mdh(9)	purA(7)	recA(7)
SRR15731939.fa	ecoli	131	adk(53)	fumC(40)	gyrB(47)	icd(13)	mdh(36)	purA(28)	recA(29)
SRR15731940.fa	ecoli	9377	adk(10)	fumC(1309)	gyrB(4)	icd(8)	mdh(8)	purA(8)	recA(2)
SRR15731941.fa	ecoli	617	adk(10)	fumC(11)	gyrB(4)	icd(8)	mdh(8)	purA(13)	recA(73)
SRR15731942.fa	ecoli	744	adk(10)	fumC(11)	gyrB(135)	icd(8)	mdh(8)	purA(8)	recA(2)
SRR15731943.fa	ecoli	131	adk(53)	fumC(40)	gyrB(47)	icd(13)	mdh(36)	purA(28)	recA(29)
SRR15731944.fa	ecoli	9387	adk(10)	fumC(11)	gyrB(818)	icd(358)	mdh(274)	purA(8)	recA(42)
SRR15731945.fa	ecoli	101	adk(43)	fumC(41)	gyrB(15)	icd(18)	mdh(11)	purA(7)	recA(6)
SRR15731946.fa	ecoli	1286	adk(10)	fumC(174)	gyrB(4)	icd(8)	mdh(8)	purA(8)	recA(2)
SRR15731947.fa	ecoli	9378	adk(10)	fumC(11)	gyrB(4)	icd(181)	mdh(8)	purA(8)	recA(2)
SRR15731948.fa	ecoli	101	adk(43)	fumC(41)	gyrB(15)	icd(18)	mdh(11)	purA(7)	recA(6)
SRR15731949.fa	ecoli	9384	adk(10)	fumC(11)	gyrB(4)	icd(8)	mdh(8)	purA(720)	recA(2)
SRR15731950.fa	ecoli	877	adk(9)	fumC(175)	gyrB(33)	icd(131)	mdh(24)	purA(8)	recA(7)
SRR15731951.fa	ecoli	744	adk(10)	fumC(11)	gyrB(135)	icd(8)	mdh(8)	purA(8)	recA(2)
SRR15731952.fa	ecoli	155	adk(6)	fumC(4)	gyrB(14)	icd(16)	mdh(24)	purA(8)	recA(14)
SRR15731953.fa	ecoli	48	adk(6)	fumC(11)	gyrB(4)	icd(8)	mdh(8)	purA(8)	recA(2)
SRR15731954.fa	ecoli	69	adk(21)	fumC(35)	gyrB(27)	icd(6)	mdh(5)	purA(5)	recA(4)
SRR15731955.fa	ecoli	48	adk(6)	fumC(11)	gyrB(4)	icd(8)	mdh(8)	purA(8)	recA(2)
SRR15731956.fa	ecoli	871	adk(64)	fumC(7)	gyrB(1)	icd(8)	mdh(8)	purA(8)	recA(6)
SRR15731957.fa	ecoli	1684	adk(10)	fumC(11)	gyrB(5)	icd(10)	mdh(7)	purA(8)	recA(2)
SRR15731958.fa	ecoli	3634	adk(6)	fumC(11)	gyrB(5)	icd(348)	mdh(7)	purA(8)	recA(267)
SRR15731959.fa	ecoli	9383	adk(6)	fumC(4)	gyrB(33)	icd(16)	mdh(11)	purA(719)	recA(6)
SRR15731960.fa	ecoli	226	adk(10)	fumC(27)	gyrB(5)	icd(8)	mdh(8)	purA(7)	recA(2)
SRR15731961.fa	ecoli	48	adk(6)	fumC(11)	gyrB(4)	icd(8)	mdh(8)	purA(8)	recA(2)
SRR15731962.fa	ecoli	101	adk(43)	fumC(41)	gyrB(15)	icd(18)	mdh(11)	purA(7)	recA(6)
SRR15731963.fa	ecoli	453	adk(99)	fumC(6)	gyrB(33)	icd(33)	mdh(24)	purA(8)	recA(7)
SRR15731964.fa	ecoli	1638	adk(10)	fumC(11)	gyrB(4)	icd(12)	mdh(8)	purA(45)	recA(2)
SRR15731965.fa	ecoli	2509	adk(6)	fumC(95)	gyrB(33)	icd(18)	mdh(9)	purA(8)	recA(6)
SRR15731966.fa	ecoli	10	adk(10)	fumC(11)	gyrB(4)	icd(8)	mdh(8)	purA(8)	recA(2)
SRR15731967.fa	ecoli	1114	adk(10)	fumC(27)	gyrB(5)	icd(10)	mdh(12)	purA(1)	recA(2)
SRR15731968.fa	ecoli	10	adk(10)	fumC(11)	gyrB(4)	icd(8)	mdh(8)	purA(8)	recA(2)
SRR15731969.fa	ecoli	10	adk(10)	fumC(11)	gyrB(4)	icd(8)	mdh(8)	purA(8)	recA(2)
SRR15731970.fa	ecoli	4014	adk(43)	fumC(41)	gyrB(378)	icd(18)	mdh(11)	purA(7)	recA(6)
SRR15731971.fa	ecoli	5222	adk(64)	fumC(11)	gyrB(1)	icd(8)	mdh(25)	purA(18)	recA(343)
SRR15731972.fa	ecoli	5542	adk(6)	fumC(11)	gyrB(4)	icd(8)	mdh(8)	purA(8)	recA(194)
SRR15731973.fa	ecoli	10	adk(10)	fumC(11)	gyrB(4)	icd(8)	mdh(8)	purA(8)	recA(2)
SRR15731974.fa	ecoli	101	adk(43)	fumC(41)	gyrB(15)	icd(18)	mdh(11)	purA(7)	recA(6)
SRR15731975.fa	ecoli	746	adk(10)	fumC(7)	gyrB(4)	icd(8)	mdh(12)	purA(8)	recA(2)
SRR15731976.fa	ecoli	4541	adk(20)	fumC(67)	gyrB(56)	icd(429)	mdh(5)	purA(50)	recA(45)
SRR15731977.fa	ecoli	1114	adk(10)	fumC(27)	gyrB(5)	icd(10)	mdh(12)	purA(1)	recA(2)
SRR15731978.fa	ecoli	58	adk(6)	fumC(4)	gyrB(4)	icd(16)	mdh(24)	purA(8)	recA(14)
SRR15731979.fa	ecoli	10	adk(10)	fumC(11)	gyrB(4)	icd(8)	mdh(8)	purA(8)	recA(2)
SRR15731980.fa	ecoli	770	adk(52)	fumC(116)	gyrB(55)	icd(101)	mdh(113)	purA(40)	recA(38)
SRR15731981.fa	ecoli	206	adk(6)	fumC(7)	gyrB(5)	icd(1)	mdh(8)	purA(18)	recA(2)
SRR15731982.fa	ecoli	641	adk(9)	fumC(6)	gyrB(33)	icd(131)	mdh(24)	purA(8)	recA(7)
SRR15731983.fa	ecoli	69	adk(21)	fumC(35)	gyrB(27)	icd(6)	mdh(5)	purA(5)	recA(4)
SRR15731984.fa	ecoli	48	adk(6)	fumC(11)	gyrB(4)	icd(8)	mdh(8)	purA(8)	recA(2)
SRR15731985.fa	ecoli	224	adk(6)	fumC(4)	gyrB(33)	icd(16)	mdh(11)	purA(8)	recA(6)
SRR15731986.fa	ecoli	58	adk(6)	fumC(4)	gyrB(4)	icd(16)	mdh(24)	purA(8)	recA(14)
SRR15731987.fa	ecoli	191	adk(6)	fumC(29)	gyrB(5)	icd(18)	mdh(11)	purA(8)	recA(41)
SRR15731988.fa	ecoli	9378	adk(10)	fumC(11)	gyrB(4)	icd(181)	mdh(8)	purA(8)	recA(2)
SRR15731989.fa	ecoli	58	adk(6)	fumC(4)	gyrB(4)	icd(16)	mdh(24)	purA(8)	recA(14)
SRR15731990.fa	ecoli	9382	adk(10)	fumC(11)	gyrB(135)	icd(8)	mdh(812)	purA(8)	recA(2)
SRR15731991.fa	ecoli	167	adk(10)	fumC(11)	gyrB(4)	icd(8)	mdh(8)	purA(13)	recA(2)
SRR15731992.fa	ecoli	10	adk(10)	fumC(11)	gyrB(4)	icd(8)	mdh(8)	purA(8)	recA(2)
SRR15731993.fa	ecoli	744	adk(10)	fumC(11)	gyrB(135)	icd(8)	mdh(8)	purA(8)	recA(2)
SRR15731994.fa	ecoli	131	adk(53)	fumC(40)	gyrB(47)	icd(13)	mdh(36)	purA(28)	recA(29)
SRR15731995.fa	ecoli	9381	adk(207)	fumC(1310)	gyrB(260)	icd(254)	mdh(1)	purA(2)	recA(577)
SRR15731996.fa	ecoli	542	adk(112)	fumC(11)	gyrB(5)	icd(12)	mdh(8)	purA(8)	recA(86)
SRR15731997.fa	ecoli	10	adk(10)	fumC(11)	gyrB(4)	icd(8)	mdh(8)	purA(8)	recA(2)
SRR15731998.fa	ecoli	13	adk(6)	fumC(6)	gyrB(5)	icd(9)	mdh(9)	purA(8)	recA(2)
SRR15731999.fa	ecoli	398	adk(64)	fumC(7)	gyrB(1)	icd(1)	mdh(8)	purA(8)	recA(6)
SRR15732000.fa	ecoli	3288	adk(6)	fumC(7)	gyrB(5)	icd(1)	mdh(8)	purA(8)	recA(2)
SRR15732001.fa	ecoli	6815	adk(10)	fumC(11)	gyrB(4)	icd(8)	mdh(8)	purA(515)	recA(2)
SRR15732002.fa	ecoli	971	adk(6)	fumC(4)	gyrB(4)	icd(16)	mdh(24)	purA(8)	recA(121)
SRR15732003.fa	ecoli	744	adk(10)	fumC(11)	gyrB(135)	icd(8)	mdh(8)	purA(8)	recA(2)
SRR15732004.fa	ecoli	9379	adk(10)	fumC(917)	gyrB(4)	icd(140)	mdh(8)	purA(8)	recA(2)
SRR15732005.fa	ecoli	542	adk(112)	fumC(11)	gyrB(5)	icd(12)	mdh(8)	purA(8)	recA(86)
SRR15732006.fa	ecoli	7054	adk(6)	fumC(7)	gyrB(4)	icd(1)	mdh(598)	purA(8)	recA(2)
SRR15732007.fa	ecoli	641	adk(9)	fumC(6)	gyrB(33)	icd(131)	mdh(24)	purA(8)	recA(7)
SRR15732008.fa	ecoli	165	adk(10)	fumC(27)	gyrB(5)	icd(10)	mdh(12)	purA(8)	recA(2)
SRR15732009.fa	ecoli	10	adk(10)	fumC(11)	gyrB(4)	icd(8)	mdh(8)	purA(8)	recA(2)
SRR15732010.fa	ecoli	48	adk(6)	fumC(11)	gyrB(4)	icd(8)	mdh(8)	purA(8)	recA(2)
SRR15732011.fa	ecoli	3944	adk(10)	fumC(11)	gyrB(4)	icd(8)	mdh(179)	purA(8)	recA(2)
SRR15732012.fa	ecoli	9397	adk(6)	fumC(6)	gyrB(5)	icd(26)	mdh(9)	purA(13)	recA(680)
SRR15732013.fa	ecoli	1114	adk(10)	fumC(27)	gyrB(5)	icd(10)	mdh(12)	purA(1)	recA(2)
SRR15732014.fa	ecoli	10	adk(10)	fumC(11)	gyrB(4)	icd(8)	mdh(8)	purA(8)	recA(2)
SRR15732015.fa	ecoli	101	adk(43)	fumC(41)	gyrB(15)	icd(18)	mdh(11)	purA(7)	recA(6)
SRR15732016.fa	ecoli	345	adk(6)	fumC(4)	gyrB(14)	icd(1)	mdh(20)	purA(62)	recA(7)
SRR15732017.fa	ecoli	9402	adk(10)	fumC(7)	gyrB(819)	icd(8)	mdh(357)	purA(18)	recA(6)
SRR15732018.fa	ecoli	10	adk(10)	fumC(11)	gyrB(4)	icd(8)	mdh(8)	purA(8)	recA(2)
SRR15732019.fa	ecoli	10	adk(10)	fumC(11)	gyrB(4)	icd(8)	mdh(8)	purA(8)	recA(2)
SRR15732020.fa	ecoli	101	adk(43)	fumC(41)	gyrB(15)	icd(18)	mdh(11)	purA(7)	recA(6)
SRR15732021.fa	ecoli	224	adk(6)	fumC(4)	gyrB(33)	icd(16)	mdh(11)	purA(8)	recA(6)
SRR15732022.fa	ecoli	9396	adk(922)	fumC(11)	gyrB(4)	icd(12)	mdh(8)	purA(45)	recA(2)
SRR15732023.fa	ecoli	101	adk(43)	fumC(41)	gyrB(15)	icd(18)	mdh(11)	purA(7)	recA(6)
SRR15732024.fa	ecoli	8539	adk(6)	fumC(23)	gyrB(5)	icd(964)	mdh(24)	purA(18)	recA(6)
SRR15732025.fa	ecoli	871	adk(64)	fumC(7)	gyrB(1)	icd(8)	mdh(8)	purA(8)	recA(6)
SRR15732026.fa	ecoli	744	adk(10)	fumC(11)	gyrB(135)	icd(8)	mdh(8)	purA(8)	recA(2)
SRR15732027.fa	ecoli	641	adk(9)	fumC(6)	gyrB(33)	icd(131)	mdh(24)	purA(8)	recA(7)
SRR15732028.fa	ecoli	9159	adk(10)	fumC(11)	gyrB(4)	icd(8)	mdh(11)	purA(8)	recA(6)
SRR15732029.fa	ecoli	206	adk(6)	fumC(7)	gyrB(5)	icd(1)	mdh(8)	purA(18)	recA(2)
SRR15732030.fa	ecoli	716	adk(10)	fumC(7)	gyrB(4)	icd(140)	mdh(8)	purA(8)	recA(2)
SRR15732031.fa	ecoli	189	adk(10)	fumC(27)	gyrB(5)	icd(10)	mdh(12)	purA(8)	recA(49)
SRR15732032.fa	ecoli	165	adk(10)	fumC(27)	gyrB(5)	icd(10)	mdh(12)	purA(8)	recA(2)
SRR15732033.fa	ecoli	13	adk(6)	fumC(6)	gyrB(5)	icd(9)	mdh(9)	purA(8)	recA(2)
SRR15732034.fa	ecoli	9159	adk(10)	fumC(11)	gyrB(4)	icd(8)	mdh(11)	purA(8)	recA(6)
SRR15732035.fa	ecoli	165	adk(10)	fumC(27)	gyrB(5)	icd(10)	mdh(12)	purA(8)	recA(2)
SRR15732036.fa	ecoli	410	adk(6)	fumC(4)	gyrB(12)	icd(1)	mdh(20)	purA(18)	recA(7)
SRR15732037.fa	ecoli	3274	adk(10)	fumC(11)	gyrB(125)	icd(8)	mdh(7)	purA(8)	recA(2)
SRR15732038.fa	ecoli	1642	adk(6)	fumC(4)	gyrB(5)	icd(18)	mdh(11)	purA(8)	recA(6)
SRR15732039.fa	ecoli	345	adk(6)	fumC(4)	gyrB(14)	icd(1)	mdh(20)	purA(62)	recA(7)
SRR15732040.fa	ecoli	767	adk(6)	fumC(4)	gyrB(4)	icd(16)	mdh(24)	purA(8)	recA(104)
SRR15732041.fa	ecoli	361	adk(10)	fumC(99)	gyrB(5)	icd(91)	mdh(8)	purA(7)	recA(2)
SRR15732042.fa	ecoli	2345	adk(10)	fumC(7)	gyrB(4)	icd(12)	mdh(8)	purA(18)	recA(2)
SRR15732043.fa	ecoli	9373	adk(57)	fumC(11)	gyrB(1)	icd(109)	mdh(7)	purA(7)	recA(2)
SRR15732044.fa	ecoli	1114	adk(10)	fumC(27)	gyrB(5)	icd(10)	mdh(12)	purA(1)	recA(2)
SRR15732045.fa	ecoli	744	adk(10)	fumC(11)	gyrB(135)	icd(8)	mdh(8)	purA(8)	recA(2)
SRR15732046.fa	ecoli	2708	adk(10)	fumC(11)	gyrB(4)	icd(8)	mdh(8)	purA(8)	recA(220)
SRR15732047.fa	ecoli	218	adk(10)	fumC(11)	gyrB(4)	icd(12)	mdh(8)	purA(8)	recA(2)
SRR15732048.fa	ecoli	3489	adk(136)	fumC(7)	gyrB(4)	icd(8)	mdh(8)	purA(8)	recA(2)
SRR15732049.fa	ecoli	10	adk(10)	fumC(11)	gyrB(4)	icd(8)	mdh(8)	purA(8)	recA(2)
SRR15732050.fa	ecoli	971	adk(6)	fumC(4)	gyrB(4)	icd(16)	mdh(24)	purA(8)	recA(121)
SRR15732051.fa	ecoli	10	adk(10)	fumC(11)	gyrB(4)	icd(8)	mdh(8)	purA(8)	recA(2)
SRR15732052.fa	ecoli	93	adk(6)	fumC(11)	gyrB(4)	icd(10)	mdh(7)	purA(8)	recA(6)
SRR15732053.fa	ecoli	48	adk(6)	fumC(11)	gyrB(4)	icd(8)	mdh(8)	purA(8)	recA(2)
SRR15732054.fa	ecoli	48	adk(6)	fumC(11)	gyrB(4)	icd(8)	mdh(8)	purA(8)	recA(2)
SRR15732055.fa	ecoli	58	adk(6)	fumC(4)	gyrB(4)	icd(16)	mdh(24)	purA(8)	recA(14)
SRR15732056.fa	ecoli	4038	adk(6)	fumC(19)	gyrB(3)	icd(18)	mdh(9)	purA(8)	recA(156)
SRR15732057.fa	ecoli	48	adk(6)	fumC(11)	gyrB(4)	icd(8)	mdh(8)	purA(8)	recA(2)
SRR15732058.fa	ecoli	48	adk(6)	fumC(11)	gyrB(4)	icd(8)	mdh(8)	purA(8)	recA(2)
SRR15732059.fa	ecoli	10	adk(10)	fumC(11)	gyrB(4)	icd(8)	mdh(8)	purA(8)	recA(2)
SRR15732060.fa	ecoli	101	adk(43)	fumC(41)	gyrB(15)	icd(18)	mdh(11)	purA(7)	recA(6)
SRR15732061.fa	ecoli	117	adk(20)	fumC(45)	gyrB(41)	icd(43)	mdh(5)	purA(32)	recA(2)
SRR15732062.fa	ecoli	1040	adk(76)	fumC(194)	gyrB(10)	icd(15)	mdh(16)	purA(134)	recA(123)
SRR15732063.fa	ecoli	2913	adk(6)	fumC(7)	gyrB(5)	icd(1)	mdh(179)	purA(18)	recA(2)
SRR15732064.fa	ecoli	410	adk(6)	fumC(4)	gyrB(12)	icd(1)	mdh(20)	purA(18)	recA(7)
SRR15732065.fa	ecoli	7331	adk(10)	fumC(11)	gyrB(4)	icd(8)	mdh(631)	purA(8)	recA(2)
SRR15732066.fa	ecoli	1244	adk(6)	fumC(7)	gyrB(5)	icd(8)	mdh(8)	purA(18)	recA(2)
SRR15732067.fa	ecoli	2514	adk(10)	fumC(11)	gyrB(1)	icd(1)	mdh(8)	purA(8)	recA(2)
SRR15732068.fa	ecoli	69	adk(21)	fumC(35)	gyrB(27)	icd(6)	mdh(5)	purA(5)	recA(4)
SRR15732069.fa	ecoli	101	adk(43)	fumC(41)	gyrB(15)	icd(18)	mdh(11)	purA(7)	recA(6)
SRR15732070.fa	ecoli	8154	adk(9)	fumC(4)	gyrB(194)	icd(88)	mdh(7)	purA(8)	recA(6)
SRR15732071.fa	ecoli	10	adk(10)	fumC(11)	gyrB(4)	icd(8)	mdh(8)	purA(8)	recA(2)
SRR15732072.fa	ecoli	711	adk(9)	fumC(6)	gyrB(15)	icd(131)	mdh(24)	purA(7)	recA(7)
SRR15732073.fa	ecoli	101	adk(43)	fumC(41)	gyrB(15)	icd(18)	mdh(11)	purA(7)	recA(6)
SRR15732074.fa	ecoli	9414	adk(122)	fumC(1317)	gyrB(125)	icd(12)	mdh(96)	purA(306)	recA(2)
SRR15732075.fa	ecoli	95	adk(37)	fumC(38)	gyrB(19)	icd(37)	mdh(17)	purA(11)	recA(26)
SRR15732076.fa	ecoli	410	adk(6)	fumC(4)	gyrB(12)	icd(1)	mdh(20)	purA(18)	recA(7)
SRR15732077.fa	ecoli	1485	adk(92)	fumC(231)	gyrB(87)	icd(96)	mdh(70)	purA(58)	recA(2)
SRR15732078.fa	ecoli	1011	adk(6)	fumC(4)	gyrB(159)	icd(44)	mdh(112)	purA(1)	recA(17)
SRR15732079.fa	ecoli	156	adk(6)	fumC(29)	gyrB(32)	icd(16)	mdh(11)	purA(8)	recA(44)
SRR15732080.fa	ecoli	345	adk(6)	fumC(4)	gyrB(14)	icd(1)	mdh(20)	purA(62)	recA(7)
SRR15732081.fa	ecoli	69	adk(21)	fumC(35)	gyrB(27)	icd(6)	mdh(5)	purA(5)	recA(4)
SRR15732082.fa	ecoli	3933	adk(261)	fumC(506)	gyrB(372)	icd(31)	mdh(5)	purA(5)	recA(4)
SRR15732083.fa	ecoli	7056	adk(656)	fumC(955)	gyrB(55)	icd(761)	mdh(599)	purA(40)	recA(38)
SRR15732084.fa	ecoli	69	adk(21)	fumC(35)	gyrB(27)	icd(6)	mdh(5)	purA(5)	recA(4)
SRR15732085.fa	ecoli	744	adk(10)	fumC(11)	gyrB(135)	icd(8)	mdh(8)	purA(8)	recA(2)
SRR15732086.fa	ecoli	48	adk(6)	fumC(11)	gyrB(4)	icd(8)	mdh(8)	purA(8)	recA(2)
SRR15732087.fa	ecoli	1244	adk(6)	fumC(7)	gyrB(5)	icd(8)	mdh(8)	purA(18)	recA(2)
SRR15732088.fa	ecoli	1244	adk(6)	fumC(7)	gyrB(5)	icd(8)	mdh(8)	purA(18)	recA(2)
SRR15732089.fa	ecoli	117	adk(20)	fumC(45)	gyrB(41)	icd(43)	mdh(5)	purA(32)	recA(2)
SRR15732090.fa	ecoli	101	adk(43)	fumC(41)	gyrB(15)	icd(18)	mdh(11)	purA(7)	recA(6)
SRR15732091.fa	ecoli	10	adk(10)	fumC(11)	gyrB(4)	icd(8)	mdh(8)	purA(8)	recA(2)
SRR15732092.fa	ecoli	746	adk(10)	fumC(7)	gyrB(4)	icd(8)	mdh(12)	purA(8)	recA(2)
SRR15732093.fa	ecoli	10	adk(10)	fumC(11)	gyrB(4)	icd(8)	mdh(8)	purA(8)	recA(2)
SRR15732094.fa	ecoli	7056	adk(656)	fumC(955)	gyrB(55)	icd(761)	mdh(599)	purA(40)	recA(38)
SRR15732095.fa	ecoli	1244	adk(6)	fumC(7)	gyrB(5)	icd(8)	mdh(8)	purA(18)	recA(2)
SRR15732096.fa	ecoli	2705	adk(10)	fumC(11)	gyrB(4)	icd(10)	mdh(7)	purA(8)	recA(2)
SRR15732097.fa	ecoli	10	adk(10)	fumC(11)	gyrB(4)	icd(8)	mdh(8)	purA(8)	recA(2)
SRR15732098.fa	ecoli	5503	adk(10)	fumC(11)	gyrB(4)	icd(8)	mdh(8)	purA(405)	recA(2)
SRR15732099.fa	ecoli	58	adk(6)	fumC(4)	gyrB(4)	icd(16)	mdh(24)	purA(8)	recA(14)
SRR15732100.fa	ecoli	8262	adk(6)	fumC(19)	gyrB(54)	icd(44)	mdh(112)	purA(1)	recA(17)
SRR15732101.fa	ecoli	156	adk(6)	fumC(29)	gyrB(32)	icd(16)	mdh(11)	purA(8)	recA(44)
SRR15732102.fa	ecoli	744	adk(10)	fumC(11)	gyrB(135)	icd(8)	mdh(8)	purA(8)	recA(2)
SRR15732103.fa	ecoli	101	adk(43)	fumC(41)	gyrB(15)	icd(18)	mdh(11)	purA(7)	recA(6)
SRR15732104.fa	ecoli	2854	adk(10)	fumC(11)	gyrB(4)	icd(12)	mdh(8)	purA(1)	recA(2)
SRR15732105.fa	ecoli	1011	adk(6)	fumC(4)	gyrB(159)	icd(44)	mdh(112)	purA(1)	recA(17)
SRR15732106.fa	ecoli	1011	adk(6)	fumC(4)	gyrB(159)	icd(44)	mdh(112)	purA(1)	recA(17)
SRR15732107.fa	ecoli	5503	adk(10)	fumC(11)	gyrB(4)	icd(8)	mdh(8)	purA(405)	recA(2)
SRR15732108.fa	ecoli	9413	adk(6)	fumC(29)	gyrB(32)	icd(16)	mdh(816)	purA(8)	recA(44)
SRR15732109.fa	ecoli	1244	adk(6)	fumC(7)	gyrB(5)	icd(8)	mdh(8)	purA(18)	recA(2)
SRR15732110.fa	ecoli	10	adk(10)	fumC(11)	gyrB(4)	icd(8)	mdh(8)	purA(8)	recA(2)
SRR15732111.fa	ecoli	642	adk(9)	fumC(23)	gyrB(33)	icd(18)	mdh(11)	purA(8)	recA(6)
SRR15732112.fa	ecoli	3944	adk(10)	fumC(11)	gyrB(4)	icd(8)	mdh(179)	purA(8)	recA(2)
SRR15732113.fa	ecoli	10	adk(10)	fumC(11)	gyrB(4)	icd(8)	mdh(8)	purA(8)	recA(2)
SRR15732114.fa	ecoli	3944	adk(10)	fumC(11)	gyrB(4)	icd(8)	mdh(179)	purA(8)	recA(2)
SRR15732115.fa	ecoli	206	adk(6)	fumC(7)	gyrB(5)	icd(1)	mdh(8)	purA(18)	recA(2)
SRR15732116.fa	ecoli	167	adk(10)	fumC(11)	gyrB(4)	icd(8)	mdh(8)	purA(13)	recA(2)
SRR15732117.fa	ecoli	641	adk(9)	fumC(6)	gyrB(33)	icd(131)	mdh(24)	purA(8)	recA(7)
SRR15732118.fa	ecoli	656	adk(10)	fumC(7)	gyrB(4)	icd(8)	mdh(8)	purA(8)	recA(2)
SRR15732119.fa	ecoli	1114	adk(10)	fumC(27)	gyrB(5)	icd(10)	mdh(12)	purA(1)	recA(2)
SRR15732120.fa	ecoli	710	adk(6)	fumC(153)	gyrB(4)	icd(91)	mdh(7)	purA(8)	recA(6)
SRR15732121.fa	ecoli	744	adk(10)	fumC(11)	gyrB(135)	icd(8)	mdh(8)	purA(8)	recA(2)
SRR15732122.fa	ecoli	3944	adk(10)	fumC(11)	gyrB(4)	icd(8)	mdh(179)	purA(8)	recA(2)
SRR15732123.fa	ecoli	10	adk(10)	fumC(11)	gyrB(4)	icd(8)	mdh(8)	purA(8)	recA(2)
SRR15732124.fa	ecoli	88	adk(6)	fumC(4)	gyrB(12)	icd(1)	mdh(20)	purA(12)	recA(7)
SRR15732125.fa	ecoli	410	adk(6)	fumC(4)	gyrB(12)	icd(1)	mdh(20)	purA(18)	recA(7)
SRR15732126.fa	ecoli	101	adk(43)	fumC(41)	gyrB(15)	icd(18)	mdh(11)	purA(7)	recA(6)
SRR15732127.fa	ecoli	2253	adk(6)	fumC(11)	gyrB(4)	icd(10)	mdh(7)	purA(7)	recA(6)
SRR15732128.fa	ecoli	744	adk(10)	fumC(11)	gyrB(135)	icd(8)	mdh(8)	purA(8)	recA(2)
SRR15732129.fa	ecoli	10	adk(10)	fumC(11)	gyrB(4)	icd(8)	mdh(8)	purA(8)	recA(2)
SRR15732130.fa	ecoli	1638	adk(10)	fumC(11)	gyrB(4)	icd(12)	mdh(8)	purA(45)	recA(2)
SRR15732131.fa	ecoli	410	adk(6)	fumC(4)	gyrB(12)	icd(1)	mdh(20)	purA(18)	recA(7)
SRR15732132.fa	ecoli	69	adk(21)	fumC(35)	gyrB(27)	icd(6)	mdh(5)	purA(5)	recA(4)
SRR15732133.fa	ecoli	69	adk(21)	fumC(35)	gyrB(27)	icd(6)	mdh(5)	purA(5)	recA(4)
SRR15732134.fa	ecoli	1638	adk(10)	fumC(11)	gyrB(4)	icd(12)	mdh(8)	purA(45)	recA(2)
SRR15732135.fa	ecoli	1638	adk(10)	fumC(11)	gyrB(4)	icd(12)	mdh(8)	purA(45)	recA(2)
SRR15732136.fa	ecoli	1196	adk(6)	fumC(6)	gyrB(33)	icd(26)	mdh(11)	purA(8)	recA(2)
SRR15732137.fa	ecoli	2705	adk(10)	fumC(11)	gyrB(4)	icd(10)	mdh(7)	purA(8)	recA(2)
SRR15732138.fa	ecoli	2705	adk(10)	fumC(11)	gyrB(4)	icd(10)	mdh(7)	purA(8)	recA(2)
SRR15732139.fa	ecoli	10	adk(10)	fumC(11)	gyrB(4)	icd(8)	mdh(8)	purA(8)	recA(2)
SRR15732140.fa	ecoli	4623	adk(6)	fumC(95)	gyrB(4)	icd(18)	mdh(9)	purA(8)	recA(6)
SRR15732141.fa	ecoli	1244	adk(6)	fumC(7)	gyrB(5)	icd(8)	mdh(8)	purA(18)	recA(2)
SRR15732142.fa	ecoli	795	adk(9)	fumC(23)	gyrB(33)	icd(18)	mdh(9)	purA(8)	recA(6)
SRR15732143.fa	ecoli	1249	adk(6)	fumC(23)	gyrB(5)	icd(16)	mdh(24)	purA(18)	recA(6)
SRR15732144.fa	ecoli	101	adk(43)	fumC(41)	gyrB(15)	icd(18)	mdh(11)	purA(7)	recA(6)
SRR15732145.fa	ecoli	1244	adk(6)	fumC(7)	gyrB(5)	icd(8)	mdh(8)	purA(18)	recA(2)
SRR15732146.fa	ecoli	1244	adk(6)	fumC(7)	gyrB(5)	icd(8)	mdh(8)	purA(18)	recA(2)
SRR15732147.fa	ecoli	1968	adk(6)	fumC(11)	gyrB(257)	icd(8)	mdh(8)	purA(8)	recA(2)
SRR15732148.fa	ecoli	542	adk(112)	fumC(11)	gyrB(5)	icd(12)	mdh(8)	purA(8)	recA(86)
SRR15732149.fa	ecoli	10	adk(10)	fumC(11)	gyrB(4)	icd(8)	mdh(8)	purA(8)	recA(2)
SRR15732150.fa	ecoli	10	adk(10)	fumC(11)	gyrB(4)	icd(8)	mdh(8)	purA(8)	recA(2)
SRR15732151.fa	ecoli	69	adk(21)	fumC(35)	gyrB(27)	icd(6)	mdh(5)	purA(5)	recA(4)
SRR15732152.fa	ecoli	101	adk(43)	fumC(41)	gyrB(15)	icd(18)	mdh(11)	purA(7)	recA(6)
SRR15732153.fa	ecoli	795	adk(9)	fumC(23)	gyrB(33)	icd(18)	mdh(9)	purA(8)	recA(6)
SRR15732154.fa	ecoli	9159	adk(10)	fumC(11)	gyrB(4)	icd(8)	mdh(11)	purA(8)	recA(6)
SRR15732155.fa	ecoli	101	adk(43)	fumC(41)	gyrB(15)	icd(18)	mdh(11)	purA(7)	recA(6)
SRR15732156.fa	ecoli	542	adk(112)	fumC(11)	gyrB(5)	icd(12)	mdh(8)	purA(8)	recA(86)
SRR15732157.fa	ecoli	9403	adk(10)	fumC(11)	gyrB(820)	icd(8)	mdh(8)	purA(8)	recA(2)
SRR15732158.fa	ecoli	6438	adk(6)	fumC(11)	gyrB(103)	icd(113)	mdh(8)	purA(1)	recA(2)
SRR15732159.fa	ecoli	165	adk(10)	fumC(27)	gyrB(5)	icd(10)	mdh(12)	purA(8)	recA(2)
SRR15732160.fa	ecoli	1244	adk(6)	fumC(7)	gyrB(5)	icd(8)	mdh(8)	purA(18)	recA(2)
SRR15732161.fa	ecoli	1244	adk(6)	fumC(7)	gyrB(5)	icd(8)	mdh(8)	purA(18)	recA(2)
SRR15732162.fa	ecoli	1684	adk(10)	fumC(11)	gyrB(5)	icd(10)	mdh(7)	purA(8)	recA(2)
SRR15732163.fa	ecoli	34	adk(10)	fumC(11)	gyrB(4)	icd(1)	mdh(8)	purA(8)	recA(2)
SRR15732164.fa	ecoli	5871	adk(136)	fumC(11)	gyrB(4)	icd(12)	mdh(8)	purA(8)	recA(2)
SRR15732165.fa	ecoli	101	adk(43)	fumC(41)	gyrB(15)	icd(18)	mdh(11)	purA(7)	recA(6)
SRR15732166.fa	ecoli	25	adk(6)	fumC(6)	gyrB(14)	icd(21)	mdh(9)	purA(7)	recA(7)
SRR15732167.fa	ecoli	795	adk(9)	fumC(23)	gyrB(33)	icd(18)	mdh(9)	purA(8)	recA(6)
SRR15732168.fa	ecoli	25	adk(6)	fumC(6)	gyrB(14)	icd(21)	mdh(9)	purA(7)	recA(7)
SRR15732169.fa	ecoli	7452	adk(504)	fumC(734)	gyrB(7)	icd(58)	mdh(24)	purA(1)	recA(17)
SRR15732170.fa	ecoli	9159	adk(10)	fumC(11)	gyrB(4)	icd(8)	mdh(11)	purA(8)	recA(6)
SRR15732171.fa	ecoli	101	adk(43)	fumC(41)	gyrB(15)	icd(18)	mdh(11)	purA(7)	recA(6)
SRR15732172.fa	ecoli	9378	adk(10)	fumC(11)	gyrB(4)	icd(181)	mdh(8)	purA(8)	recA(2)
SRR15732173.fa	ecoli	744	adk(10)	fumC(11)	gyrB(135)	icd(8)	mdh(8)	purA(8)	recA(2)
SRR15732174.fa	ecoli	48	adk(6)	fumC(11)	gyrB(4)	icd(8)	mdh(8)	purA(8)	recA(2)
SRR15732175.fa	ecoli	8540	adk(6)	fumC(11)	gyrB(4)	icd(8)	mdh(8)	purA(651)	recA(2)
SRR15732176.fa	ecoli	10	adk(10)	fumC(11)	gyrB(4)	icd(8)	mdh(8)	purA(8)	recA(2)
SRR15732177.fa	ecoli	2253	adk(6)	fumC(11)	gyrB(4)	icd(10)	mdh(7)	purA(7)	recA(6)
SRR15732178.fa	ecoli	48	adk(6)	fumC(11)	gyrB(4)	icd(8)	mdh(8)	purA(8)	recA(2)
SRR15732179.fa	ecoli	58	adk(6)	fumC(4)	gyrB(4)	icd(16)	mdh(24)	purA(8)	recA(14)
SRR15732180.fa	ecoli	101	adk(43)	fumC(41)	gyrB(15)	icd(18)	mdh(11)	purA(7)	recA(6)
SRR15732181.fa	ecoli	8539	adk(6)	fumC(23)	gyrB(5)	icd(964)	mdh(24)	purA(18)	recA(6)
SRR15732182.fa	ecoli	162	adk(9)	fumC(65)	gyrB(5)	icd(1)	mdh(9)	purA(13)	recA(6)
SRR15732183.fa	ecoli	9412	adk(37)	fumC(1316)	gyrB(19)	icd(37)	mdh(17)	purA(11)	recA(26)
SRR15732184.fa	ecoli	9412	adk(37)	fumC(1316)	gyrB(19)	icd(37)	mdh(17)	purA(11)	recA(26)
SRR15732185.fa	ecoli	9412	adk(37)	fumC(1316)	gyrB(19)	icd(37)	mdh(17)	purA(11)	recA(26)
SRR15732186.fa	ecoli	7652	adk(10)	fumC(11)	gyrB(4)	icd(8)	mdh(11)	purA(8)	recA(2)
SRR15732187.fa	ecoli	7652	adk(10)	fumC(11)	gyrB(4)	icd(8)	mdh(11)	purA(8)	recA(2)
SRR15732188.fa	ecoli	1485	adk(92)	fumC(231)	gyrB(87)	icd(96)	mdh(70)	purA(58)	recA(2)
SRR15732189.fa	ecoli	69	adk(21)	fumC(35)	gyrB(27)	icd(6)	mdh(5)	purA(5)	recA(4)
SRR15732190.fa	ecoli	165	adk(10)	fumC(27)	gyrB(5)	icd(10)	mdh(12)	purA(8)	recA(2)
SRR15732191.fa	ecoli	162	adk(9)	fumC(65)	gyrB(5)	icd(1)	mdh(9)	purA(13)	recA(6)
SRR15732192.fa	ecoli	69	adk(21)	fumC(35)	gyrB(27)	icd(6)	mdh(5)	purA(5)	recA(4)
SRR15732193.fa	ecoli	69	adk(21)	fumC(35)	gyrB(27)	icd(6)	mdh(5)	purA(5)	recA(4)
SRR15732194.fa	ecoli	69	adk(21)	fumC(35)	gyrB(27)	icd(6)	mdh(5)	purA(5)	recA(4)
SRR15732195.fa	ecoli	10	adk(10)	fumC(11)	gyrB(4)	icd(8)	mdh(8)	purA(8)	recA(2)
SRR15732196.fa	ecoli	69	adk(21)	fumC(35)	gyrB(27)	icd(6)	mdh(5)	purA(5)	recA(4)
SRR15732197.fa	ecoli	9409	adk(136)	fumC(7)	gyrB(4)	icd(957)	mdh(8)	purA(8)	recA(2)
SRR15732198.fa	ecoli	206	adk(6)	fumC(7)	gyrB(5)	icd(1)	mdh(8)	purA(18)	recA(2)
SRR15732199.fa	ecoli	206	adk(6)	fumC(7)	gyrB(5)	icd(1)	mdh(8)	purA(18)	recA(2)
SRR15732200.fa	ecoli	744	adk(10)	fumC(11)	gyrB(135)	icd(8)	mdh(8)	purA(8)	recA(2)
SRR15732201.fa	ecoli	101	adk(43)	fumC(41)	gyrB(15)	icd(18)	mdh(11)	purA(7)	recA(6)
SRR15732202.fa	ecoli	93	adk(6)	fumC(11)	gyrB(4)	icd(10)	mdh(7)	purA(8)	recA(6)
SRR15732203.fa	ecoli	154	adk(6)	fumC(6)	gyrB(5)	icd(10)	mdh(9)	purA(8)	recA(6)
SRR15732204.fa	ecoli	95	adk(37)	fumC(38)	gyrB(19)	icd(37)	mdh(17)	purA(11)	recA(26)
SRR15732205.fa	ecoli	101	adk(43)	fumC(41)	gyrB(15)	icd(18)	mdh(11)	purA(7)	recA(6)
SRR15732206.fa	ecoli	101	adk(43)	fumC(41)	gyrB(15)	icd(18)	mdh(11)	purA(7)	recA(6)
SRR15732207.fa	ecoli	1589	adk(6)	fumC(4)	gyrB(12)	icd(16)	mdh(7)	purA(5)	recA(6)
SRR15732208.fa	ecoli	9408	adk(923)	fumC(37)	gyrB(29)	icd(25)	mdh(4)	purA(5)	recA(73)
SRR15732209.fa	ecoli	617	adk(10)	fumC(11)	gyrB(4)	icd(8)	mdh(8)	purA(13)	recA(73)
SRR15732210.fa	ecoli	9411	adk(6)	fumC(7)	gyrB(822)	icd(1)	mdh(8)	purA(18)	recA(2)
SRR15732211.fa	ecoli	2309	adk(271)	fumC(26)	gyrB(39)	icd(25)	mdh(5)	purA(31)	recA(19)
SRR15732212.fa	ecoli	9380	adk(112)	fumC(11)	gyrB(817)	icd(12)	mdh(8)	purA(8)	recA(86)
SRR15732213.fa	ecoli	101	adk(43)	fumC(41)	gyrB(15)	icd(18)	mdh(11)	purA(7)	recA(6)
SRR15732214.fa	ecoli	9405	adk(6)	fumC(1314)	gyrB(5)	icd(10)	mdh(20)	purA(23)	recA(6)
SRR15732215.fa	ecoli	69	adk(21)	fumC(35)	gyrB(27)	icd(6)	mdh(5)	purA(5)	recA(4)
SRR15732216.fa	ecoli	2144	adk(6)	fumC(6)	gyrB(15)	icd(56)	mdh(11)	purA(26)	recA(6)
SRR15732217.fa	ecoli	410	adk(6)	fumC(4)	gyrB(12)	icd(1)	mdh(20)	purA(18)	recA(7)
SRR15732218.fa	ecoli	9410	adk(21)	fumC(1315)	gyrB(27)	icd(6)	mdh(5)	purA(5)	recA(4)
SRR15732219.fa	ecoli	410	adk(6)	fumC(4)	gyrB(12)	icd(1)	mdh(20)	purA(18)	recA(7)
SRR15732220.fa	ecoli	101	adk(43)	fumC(41)	gyrB(15)	icd(18)	mdh(11)	purA(7)	recA(6)
SRR15732221.fa	ecoli	7452	adk(504)	fumC(734)	gyrB(7)	icd(58)	mdh(24)	purA(1)	recA(17)
SRR15732222.fa	ecoli	69	adk(21)	fumC(35)	gyrB(27)	icd(6)	mdh(5)	purA(5)	recA(4)
SRR15732223.fa	ecoli	793	adk(6)	fumC(168)	gyrB(5)	icd(1)	mdh(8)	purA(18)	recA(2)
SRR15732224.fa	ecoli	5951	adk(64)	fumC(23)	gyrB(1)	icd(1)	mdh(8)	purA(18)	recA(6)
SRR15732225.fa	ecoli	101	adk(43)	fumC(41)	gyrB(15)	icd(18)	mdh(11)	purA(7)	recA(6)
SRR15732226.fa	ecoli	641	adk(9)	fumC(6)	gyrB(33)	icd(131)	mdh(24)	purA(8)	recA(7)
SRR15732227.fa	ecoli	1196	adk(6)	fumC(6)	gyrB(33)	icd(26)	mdh(11)	purA(8)	recA(2)
SRR15732228.fa	ecoli	6712	adk(6)	fumC(893)	gyrB(4)	icd(10)	mdh(7)	purA(8)	recA(2)
SRR15732229.fa	ecoli	6712	adk(6)	fumC(893)	gyrB(4)	icd(10)	mdh(7)	purA(8)	recA(2)
SRR15732230.fa	ecoli	9400	adk(112)	fumC(1313)	gyrB(5)	icd(12)	mdh(8)	purA(8)	recA(399)
SRR15732231.fa	ecoli	453	adk(99)	fumC(6)	gyrB(33)	icd(33)	mdh(24)	purA(8)	recA(7)
SRR15732232.fa	ecoli	4014	adk(43)	fumC(41)	gyrB(378)	icd(18)	mdh(11)	purA(7)	recA(6)
SRR15732233.fa	ecoli	4014	adk(43)	fumC(41)	gyrB(378)	icd(18)	mdh(11)	purA(7)	recA(6)
SRR15732234.fa	ecoli	6272	adk(58)	fumC(53)	gyrB(12)	icd(58)	mdh(24)	purA(1)	recA(42)
SRR15732235.fa	ecoli	410	adk(6)	fumC(4)	gyrB(12)	icd(1)	mdh(20)	purA(18)	recA(7)
SRR15732236.fa	ecoli	46	adk(8)	fumC(7)	gyrB(1)	icd(8)	mdh(8)	purA(8)	recA(6)
SRR15732237.fa	ecoli	69	adk(21)	fumC(35)	gyrB(27)	icd(6)	mdh(5)	purA(5)	recA(4)
SRR15732238.fa	ecoli	641	adk(9)	fumC(6)	gyrB(33)	icd(131)	mdh(24)	purA(8)	recA(7)
SRR15732239.fa	ecoli	69	adk(21)	fumC(35)	gyrB(27)	icd(6)	mdh(5)	purA(5)	recA(4)
SRR15732240.fa	ecoli	69	adk(21)	fumC(35)	gyrB(27)	icd(6)	mdh(5)	purA(5)	recA(4)
SRR15732241.fa	ecoli	69	adk(21)	fumC(35)	gyrB(27)	icd(6)	mdh(5)	purA(5)	recA(4)
SRR15732242.fa	ecoli	69	adk(21)	fumC(35)	gyrB(27)	icd(6)	mdh(5)	purA(5)	recA(4)
SRR15732243.fa	ecoli	5487	adk(6)	fumC(4)	gyrB(421)	icd(16)	mdh(24)	purA(8)	recA(14)
SRR15732244.fa	ecoli	484	adk(6)	fumC(11)	gyrB(4)	icd(10)	mdh(7)	purA(84)	recA(6)
SRR15732245.fa	ecoli	101	adk(43)	fumC(41)	gyrB(15)	icd(18)	mdh(11)	purA(7)	recA(6)
SRR15732246.fa	ecoli	2466	adk(278)	fumC(11)	gyrB(5)	icd(1)	mdh(8)	purA(8)	recA(6)
SRR15732247.fa	ecoli	9405	adk(6)	fumC(1314)	gyrB(5)	icd(10)	mdh(20)	purA(23)	recA(6)
SRR15732248.fa	ecoli	3997	adk(10)	fumC(11)	gyrB(4)	icd(8)	mdh(20)	purA(8)	recA(7)
SRR15732249.fa	ecoli	189	adk(10)	fumC(27)	gyrB(5)	icd(10)	mdh(12)	purA(8)	recA(49)
SRR15732250.fa	ecoli	58	adk(6)	fumC(4)	gyrB(4)	icd(16)	mdh(24)	purA(8)	recA(14)
SRR15732251.fa	ecoli	101	adk(43)	fumC(41)	gyrB(15)	icd(18)	mdh(11)	purA(7)	recA(6)
SRR15732252.fa	ecoli	2179	adk(9)	fumC(65)	gyrB(5)	icd(18)	mdh(11)	purA(8)	recA(6)
SRR15732253.fa	ecoli	88	adk(6)	fumC(4)	gyrB(12)	icd(1)	mdh(20)	purA(12)	recA(7)
SRR15732254.fa	ecoli	9159	adk(10)	fumC(11)	gyrB(4)	icd(8)	mdh(11)	purA(8)	recA(6)
SRR15732255.fa	ecoli	3997	adk(10)	fumC(11)	gyrB(4)	icd(8)	mdh(20)	purA(8)	recA(7)
SRR15732256.fa	ecoli	1684	adk(10)	fumC(11)	gyrB(5)	icd(10)	mdh(7)	purA(8)	recA(2)
SRR15732257.fa	ecoli	10	adk(10)	fumC(11)	gyrB(4)	icd(8)	mdh(8)	purA(8)	recA(2)
SRR15732258.fa	ecoli	453	adk(99)	fumC(6)	gyrB(33)	icd(33)	mdh(24)	purA(8)	recA(7)
SRR15732259.fa	ecoli	207	adk(61)	fumC(11)	gyrB(4)	icd(8)	mdh(8)	purA(8)	recA(2)
SRR15732260.fa	ecoli	398	adk(64)	fumC(7)	gyrB(1)	icd(1)	mdh(8)	purA(8)	recA(6)
SRR15732261.fa	ecoli	226	adk(10)	fumC(27)	gyrB(5)	icd(8)	mdh(8)	purA(7)	recA(2)
SRR15732262.fa	ecoli	1196	adk(6)	fumC(6)	gyrB(33)	icd(26)	mdh(11)	purA(8)	recA(2)
SRR15732263.fa	ecoli	2144	adk(6)	fumC(6)	gyrB(15)	icd(56)	mdh(11)	purA(26)	recA(6)
SRR15732264.fa	ecoli	10	adk(10)	fumC(11)	gyrB(4)	icd(8)	mdh(8)	purA(8)	recA(2)
SRR15732265.fa	ecoli	10	adk(10)	fumC(11)	gyrB(4)	icd(8)	mdh(8)	purA(8)	recA(2)
SRR15732266.fa	ecoli	10	adk(10)	fumC(11)	gyrB(4)	icd(8)	mdh(8)	purA(8)	recA(2)
SRR15732267.fa	ecoli	48	adk(6)	fumC(11)	gyrB(4)	icd(8)	mdh(8)	purA(8)	recA(2)
SRR15732268.fa	ecoli	10	adk(10)	fumC(11)	gyrB(4)	icd(8)	mdh(8)	purA(8)	recA(2)
SRR15732269.fa	ecoli	10	adk(10)	fumC(11)	gyrB(4)	icd(8)	mdh(8)	purA(8)	recA(2)
SRR15732270.fa	ecoli	117	adk(20)	fumC(45)	gyrB(41)	icd(43)	mdh(5)	purA(32)	recA(2)
SRR15732271.fa	ecoli	10	adk(10)	fumC(11)	gyrB(4)	icd(8)	mdh(8)	purA(8)	recA(2)
SRR15732272.fa	ecoli	10	adk(10)	fumC(11)	gyrB(4)	icd(8)	mdh(8)	purA(8)	recA(2)
SRR15732273.fa	ecoli	10	adk(10)	fumC(11)	gyrB(4)	icd(8)	mdh(8)	purA(8)	recA(2)
SRR15732274.fa	ecoli	69	adk(21)	fumC(35)	gyrB(27)	icd(6)	mdh(5)	purA(5)	recA(4)
SRR15732275.fa	ecoli	10	adk(10)	fumC(11)	gyrB(4)	icd(8)	mdh(8)	purA(8)	recA(2)
SRR15732276.fa	ecoli	10	adk(10)	fumC(11)	gyrB(4)	icd(8)	mdh(8)	purA(8)	recA(2)
SRR15732277.fa	ecoli	871	adk(64)	fumC(7)	gyrB(1)	icd(8)	mdh(8)	purA(8)	recA(6)
SRR15732278.fa	ecoli	1716	adk(10)	fumC(27)	gyrB(4)	icd(8)	mdh(8)	purA(8)	recA(164)
SRR15732279.fa	ecoli	871	adk(64)	fumC(7)	gyrB(1)	icd(8)	mdh(8)	purA(8)	recA(6)
SRR15732280.fa	ecoli	410	adk(6)	fumC(4)	gyrB(12)	icd(1)	mdh(20)	purA(18)	recA(7)
SRR15732281.fa	ecoli	7056	adk(656)	fumC(955)	gyrB(55)	icd(761)	mdh(599)	purA(40)	recA(38)
SRR15732282.fa	ecoli	10	adk(10)	fumC(11)	gyrB(4)	icd(8)	mdh(8)	purA(8)	recA(2)
SRR15732283.fa	ecoli	10	adk(10)	fumC(11)	gyrB(4)	icd(8)	mdh(8)	purA(8)	recA(2)
SRR15732284.fa	ecoli	10	adk(10)	fumC(11)	gyrB(4)	icd(8)	mdh(8)	purA(8)	recA(2)
SRR15732285.fa	ecoli	10	adk(10)	fumC(11)	gyrB(4)	icd(8)	mdh(8)	purA(8)	recA(2)
SRR15732286.fa	ecoli	10	adk(10)	fumC(11)	gyrB(4)	icd(8)	mdh(8)	purA(8)	recA(2)
SRR15732287.fa	ecoli	10	adk(10)	fumC(11)	gyrB(4)	icd(8)	mdh(8)	purA(8)	recA(2)
SRR15732288.fa	ecoli	101	adk(43)	fumC(41)	gyrB(15)	icd(18)	mdh(11)	purA(7)	recA(6)
SRR15732289.fa	ecoli	10	adk(10)	fumC(11)	gyrB(4)	icd(8)	mdh(8)	purA(8)	recA(2)
SRR15732290.fa	ecoli	716	adk(10)	fumC(7)	gyrB(4)	icd(140)	mdh(8)	purA(8)	recA(2)
SRR15732291.fa	ecoli	10	adk(10)	fumC(11)	gyrB(4)	icd(8)	mdh(8)	purA(8)	recA(2)
SRR15732292.fa	ecoli	10	adk(10)	fumC(11)	gyrB(4)	icd(8)	mdh(8)	purA(8)	recA(2)
SRR15732293.fa	ecoli	10	adk(10)	fumC(11)	gyrB(4)	icd(8)	mdh(8)	purA(8)	recA(2)
SRR15732294.fa	ecoli	971	adk(6)	fumC(4)	gyrB(4)	icd(16)	mdh(24)	purA(8)	recA(121)
SRR15732295.fa	ecoli	10	adk(10)	fumC(11)	gyrB(4)	icd(8)	mdh(8)	purA(8)	recA(2)
SRR15732296.fa	ecoli	10	adk(10)	fumC(11)	gyrB(4)	icd(8)	mdh(8)	purA(8)	recA(2)
SRR15732297.fa	ecoli	25	adk(6)	fumC(6)	gyrB(14)	icd(21)	mdh(9)	purA(7)	recA(7)
SRR15732298.fa	ecoli	25	adk(6)	fumC(6)	gyrB(14)	icd(21)	mdh(9)	purA(7)	recA(7)
SRR15732299.fa	ecoli	25	adk(6)	fumC(6)	gyrB(14)	icd(21)	mdh(9)	purA(7)	recA(7)
SRR15732300.fa	ecoli	165	adk(10)	fumC(27)	gyrB(5)	icd(10)	mdh(12)	purA(8)	recA(2)
SRR15732301.fa	ecoli	2466	adk(278)	fumC(11)	gyrB(5)	icd(1)	mdh(8)	purA(8)	recA(6)
SRR15732302.fa	ecoli	716	adk(10)	fumC(7)	gyrB(4)	icd(140)	mdh(8)	purA(8)	recA(2)
SRR15732303.fa	ecoli	716	adk(10)	fumC(7)	gyrB(4)	icd(140)	mdh(8)	purA(8)	recA(2)
SRR15732304.fa	ecoli	3937	adk(6)	fumC(509)	gyrB(4)	icd(8)	mdh(8)	purA(8)	recA(2)
SRR15732305.fa	ecoli	1244	adk(6)	fumC(7)	gyrB(5)	icd(8)	mdh(8)	purA(18)	recA(2)
SRR15732306.fa	ecoli	10	adk(10)	fumC(11)	gyrB(4)	icd(8)	mdh(8)	purA(8)	recA(2)
SRR15732307.fa	ecoli	1244	adk(6)	fumC(7)	gyrB(5)	icd(8)	mdh(8)	purA(18)	recA(2)
SRR15732308.fa	ecoli	9159	adk(10)	fumC(11)	gyrB(4)	icd(8)	mdh(11)	purA(8)	recA(6)
SRR15732309.fa	ecoli	10	adk(10)	fumC(11)	gyrB(4)	icd(8)	mdh(8)	purA(8)	recA(2)
SRR15732310.fa	ecoli	10	adk(10)	fumC(11)	gyrB(4)	icd(8)	mdh(8)	purA(8)	recA(2)
SRR15732311.fa	ecoli	117	adk(20)	fumC(45)	gyrB(41)	icd(43)	mdh(5)	purA(32)	recA(2)
SRR15732312.fa	ecoli	117	adk(20)	fumC(45)	gyrB(41)	icd(43)	mdh(5)	purA(32)	recA(2)
SRR15732313.fa	ecoli	10	adk(10)	fumC(11)	gyrB(4)	icd(8)	mdh(8)	purA(8)	recA(2)
SRR15732314.fa	ecoli	7073	adk(127)	fumC(161)	gyrB(75)	icd(141)	mdh(27)	purA(1)	recA(2)
SRR15732315.fa	ecoli	2935	adk(299)	fumC(11)	gyrB(4)	icd(8)	mdh(8)	purA(8)	recA(2)
SRR15732316.fa	ecoli	101	adk(43)	fumC(41)	gyrB(15)	icd(18)	mdh(11)	purA(7)	recA(6)
SRR15732317.fa	ecoli	847	adk(6)	fumC(6)	gyrB(5)	icd(26)	mdh(9)	purA(13)	recA(98)
SRR15732318.fa	ecoli	48	adk(6)	fumC(11)	gyrB(4)	icd(8)	mdh(8)	purA(8)	recA(2)
SRR15732319.fa	ecoli	25	adk(6)	fumC(6)	gyrB(14)	icd(21)	mdh(9)	purA(7)	recA(7)
SRR15732320.fa	ecoli	93	adk(6)	fumC(11)	gyrB(4)	icd(10)	mdh(7)	purA(8)	recA(6)
SRR15732321.fa	ecoli	1249	adk(6)	fumC(23)	gyrB(5)	icd(16)	mdh(24)	purA(18)	recA(6)
SRR15732322.fa	ecoli	657	adk(20)	fumC(45)	gyrB(41)	icd(43)	mdh(5)	purA(50)	recA(46)
SRR15732323.fa	ecoli	871	adk(64)	fumC(7)	gyrB(1)	icd(8)	mdh(8)	purA(8)	recA(6)
SRR15732324.fa	ecoli	602	adk(6)	fumC(19)	gyrB(33)	icd(26)	mdh(11)	purA(8)	recA(6)
SRR15732325.fa	ecoli	192	adk(63)	fumC(30)	gyrB(15)	icd(18)	mdh(43)	purA(8)	recA(7)
SRR15732326.fa	ecoli	10	adk(10)	fumC(11)	gyrB(4)	icd(8)	mdh(8)	purA(8)	recA(2)
SRR15732327.fa	ecoli	3014	adk(303)	fumC(41)	gyrB(1)	icd(8)	mdh(8)	purA(8)	recA(6)
SRR15732328.fa	ecoli	1716	adk(10)	fumC(27)	gyrB(4)	icd(8)	mdh(8)	purA(8)	recA(164)
SRR15732329.fa	ecoli	1716	adk(10)	fumC(27)	gyrB(4)	icd(8)	mdh(8)	purA(8)	recA(164)
SRR15732330.fa	ecoli	648	adk(92)	fumC(4)	gyrB(87)	icd(96)	mdh(70)	purA(58)	recA(2)
